图片,图片链接,产品ID,商家,一级类目,二级类目,销量,产品介绍,评分,商家是否审核,价格,机构链接,,,,,,,,,,,
,https://p16-oec-sg.ibyteimg.com/tos-alisg-i-aphluv4xwc-sg/a6b4a81f08ad41f09547c25b30161457~tplv-aphluv4xwc-resize-jpeg:600:600.jpeg?dr=15584&from=520841845&idc=my&ps=933b5bde&shcp=6c17ea28&shp=1f0b6a75&t=555f072d,1733460502863054333,999 Battery Brandstore,手机与数码,手机配件,4782,"999 SANNINE COD AA/AAA size 1.5V Upgraded Disposable Carbon Zinc Battery – Stable Performance, Long Battery Life, Mercury-Free & Eco-Friendly, Leak-Proof",4.8,是,₱68.99-₱328.99,https://affiliate.tiktok.com/api/v1/share/AKXy8UPSn26j,,,,,,,,,,,
,https://p16-oec-sg.ibyteimg.com/tos-alisg-i-aphluv4xwc-sg/b118ec2fa9de404aacf6b85405dbfa14~tplv-aphluv4xwc-resize-jpeg:600:600.jpeg?dr=15584&from=520841845&idc=my&ps=933b5bde&shcp=6c17ea28&shp=1f0b6a75&t=555f072d,1736736386542765407,Lampure,居家日用,家庭护理用品,1586,【buy 1 take 2】lam pure flat floor mop with automatic fabric clamping system for household use easy to use no need to hold size 300x200mm citrus scent suitable for both wet and dry cleaning versatile for cleaning wooden and tile floors (mop cloth included),4.7,否,₱171.13-₱282.77,https://affiliate.tiktok.com/api/v1/share/ALAJQnKlC8ej,,,,,,,,,,,
,https://p16-oec-sg.ibyteimg.com/tos-alisg-i-aphluv4xwc-sg/252114822ffc4b05a90b2440b7782686~tplv-aphluv4xwc-resize-jpeg:600:600.jpeg?dr=15584&from=520841845&idc=my&ps=933b5bde&shcp=6c17ea28&shp=1f0b6a75&t=555f072d,1736887086154287050,MR.VET Philippines,宠物用品,猫狗食品,2569,"[new] mr. vet - sandwich cat food ocean fish formula 50g — ocean fish sandwich 3-in-1 mix | prevents hairballs, supports healthy digestion & promotes shiny coat",4.9,是,₱25.00-₱459.00,https://affiliate.tiktok.com/api/v1/share/ALFdEjLoBdFt,,,,,,,,,,,
,https://p16-oec-sg.ibyteimg.com/tos-alisg-i-aphluv4xwc-sg/61569daad5e1497a8e55fd24c3f7b232~tplv-aphluv4xwc-resize-jpeg:600:600.jpeg?dr=15584&from=520841845&idc=my&ps=933b5bde&shcp=6c17ea28&shp=1f0b6a75&t=555f072d,1735693875213469174,Mosswood.ph,家具,室内家具,3687,MossWood S1 8 Inch Medium Firm Silent Pocket Spring Mattress Anti Bacterial Budget Foam Rollable Apartment Dorm All Sizes Single Double Queen King Warranty [COD Available],4.9,是,"₱5,098.99-₱8,998.99",https://affiliate.tiktok.com/api/v1/share/AL8AciIK6ohH,,,,,,,,,,,
,https://p16-oec-sg.ibyteimg.com/tos-alisg-i-aphluv4xwc-sg/dfb7a0f0b0c746b284faec7afd60454e~tplv-aphluv4xwc-resize-jpeg:600:600.jpeg?dr=15584&from=520841845&idc=my&ps=933b5bde&shcp=6c17ea28&shp=1f0b6a75&t=555f072d,1734442463386895686,Formulogic: Philippines,美妆个护,美容护肤,3656,"Formulogic: [Skin Emergency kit] Gentle Cleanser 80ml + SOS Cream 40ml | Breakouts & Redness
",4.7,否,₱260.01,https://affiliate.tiktok.com/api/v1/share/AL2wVWOXZ0PF,,,,,,,,,,,
,https://p16-oec-sg.ibyteimg.com/tos-alisg-i-aphluv4xwc-sg/36b16d5b9e3947a080d8a6ec68c38ece~tplv-aphluv4xwc-resize-jpeg:600:600.jpeg?dr=15584&from=520841845&idc=my&ps=933b5bde&shcp=6c17ea28&shp=1f0b6a75&t=555f072d,1736419602104616831,ELYZZA,美妆个护,美妆,4534,elyzza velvet stay tinted brow gel waterproof sweat resistant 3 shades long-lasting waterproof lightweight brow setter eyebrow makeup cosmetic,4.6,是,₱149.00-₱249.00,https://affiliate.tiktok.com/api/v1/share/ALMyz0Mmyfw7,,,,,,,,,,,
,https://p16-oec-sg.ibyteimg.com/tos-alisg-i-aphluv4xwc-sg/f06e259074164da89deb33795ff474ce~tplv-aphluv4xwc-resize-jpeg:600:600.jpeg?dr=15584&from=520841845&idc=my&ps=933b5bde&shcp=6c17ea28&shp=1f0b6a75&t=555f072d,1734487624858305862,Formulogic: Philippines,美妆个护,美容护肤,2098,formulogic: [oil control daily kit] oil control cleanser 80ml + moisturizer 40ml | oily skin,4.8,否,₱260.01,https://affiliate.tiktok.com/api/v1/share/ALNhqDjguZPA,,,,,,,,,,,
,https://p16-oec-sg.ibyteimg.com/tos-alisg-i-aphluv4xwc-sg/458c5309e7d24ee5b107627bb23e9c1d~tplv-aphluv4xwc-resize-jpeg:600:600.jpeg?dr=15584&from=520841845&idc=my&ps=933b5bde&shcp=6c17ea28&shp=1f0b6a75&t=555f072d,1736860617758311797,REJURAN COSMETICS PHILIPPINES,美妆个护,美容护肤,2219,[rejuran official] most pick bundle-dual effect ampoule 30ml + turnover ampoule 30ml + pore toner pad 220ml,4.7,是,"₱4,761.82",https://affiliate.tiktok.com/api/v1/share/ALLzDR9e4blJ,,,,,,,,,,,
,https://p16-oec-sg.ibyteimg.com/tos-alisg-i-aphluv4xwc-sg/31d8140909e74989aba0695bfd0fc526~tplv-aphluv4xwc-resize-jpeg:600:600.jpeg?dr=15584&from=520841845&idc=my&ps=933b5bde&shcp=6c17ea28&shp=1f0b6a75&t=555f072d,1736895694466024657,Romand Philippines Store,美妆个护,美妆,1401,"rom&nd juicy flash lip oil | high gloss, deeply hydrating lip treatment | korean makeup lip oil",5,是,₱399.00,https://affiliate.tiktok.com/api/v1/share/ALNwCMvKGswt,,,,,,,,,,,
,https://p16-oec-sg.ibyteimg.com/tos-alisg-i-aphluv4xwc-sg/cf0f0d31a97443d5b52c29bea2b2586a~tplv-aphluv4xwc-resize-jpeg:600:600.jpeg?dr=15584&from=520841845&idc=my&ps=933b5bde&shcp=6c17ea28&shp=1f0b6a75&t=555f072d,1737193729625654786,MANGOMAN-PH4,美妆个护,美容、个护电器,336,mangoman wide hair straightener/portable mini straightening iron/ with constant temperature and 4 levels temperatures - fast heating,4.5,是,₱188.00-₱266.00,https://affiliate.tiktok.com/api/v1/share/ALMEghtAfbAC,,,,,,,,,,,
,https://p16-oec-sg.ibyteimg.com/tos-alisg-i-aphluv4xwc-sg/631d863c9a294b38965be339b41c907f~tplv-aphluv4xwc-resize-jpeg:600:600.jpeg?dr=15584&from=520841845&idc=my&ps=933b5bde&shcp=6c17ea28&shp=1f0b6a75&t=555f072d,1734535327526520017,Romand Philippines Store,美妆个护,美妆,2026,"[rom&nd] rom&nd Glasting Color Gloss 8 colors
",4.9,是,₱399.00,https://affiliate.tiktok.com/api/v1/share/ALNwCMvJRitF,,,,,,,,,,,
,https://p16-oec-sg.ibyteimg.com/tos-alisg-i-aphluv4xwc-sg/5f64eb51697a4063a092b7db2ad71f72~tplv-aphluv4xwc-resize-jpeg:600:600.jpeg?dr=15584&from=520841845&idc=my&ps=933b5bde&shcp=6c17ea28&shp=1f0b6a75&t=555f072d,1737478609761830403,Washoo,美妆个护,洗浴与身体护理,31,"[b2g1] washoo tea tree sulfur soap bar – deep cleansing & oil control, powerful acne care, odor removal, long-lasting premium floral scent, gentle & non-drying, helps brighten dark underarms & joints, free foaming net – best value skincare must-have!",5,是,₱138.99-₱398.99,https://affiliate.tiktok.com/api/v1/share/ALS5aNxwdfia,,,,,,,,,,,
,https://p16-oec-sg.ibyteimg.com/tos-alisg-i-aphluv4xwc-sg/946b85e339184d5780f4d586bed8db48~tplv-aphluv4xwc-resize-jpeg:600:600.jpeg?dr=15584&from=520841845&idc=my&ps=933b5bde&shcp=6c17ea28&shp=1f0b6a75&t=555f072d,1737533488985965906,Teashell PH Skincare,美妆个护,美容护肤,2823,"【new launch】teashell niacinamide brightening skin essence toner 150ml, hydrating & even skin tone, lightweight non-sticky facial toner with pro-vitamin b5 & sodium hyaluronate",4.9,否,"₱138.26-₱1,199.00",https://affiliate.tiktok.com/api/v1/share/ALTJo3Q4tNE2,,,,,,,,,,,
,https://p16-oec-sg.ibyteimg.com/tos-alisg-i-aphluv4xwc-sg/5c76f0073e0943108ef2d3e1c67a3965~tplv-aphluv4xwc-resize-jpeg:600:600.jpeg?dr=15584&from=520841845&idc=my&ps=933b5bde&shcp=6c17ea28&shp=1f0b6a75&t=555f072d,1736867818272556195,JMCY Beauty,美妆个护,美妆,2050,【hajie alejandro approved】jmcy water-mist liquid blush | long lasting natural cheek color,4.8,否,₱129.00,https://affiliate.tiktok.com/api/v1/share/ALDURjQdBabv,,,,,,,,,,,
,https://p16-oec-sg.ibyteimg.com/tos-alisg-i-aphluv4xwc-sg/aa9f81a3f80743e08841e68e3607bec0~tplv-aphluv4xwc-resize-jpeg:600:600.jpeg?dr=15584&from=520841845&idc=my&ps=933b5bde&shcp=6c17ea28&shp=1f0b6a75&t=555f072d,1737477046478472446,Olzz Wellness PH,保健,保健食品,10,olzz white kidney bean chewable tablets | daily carb support | pre + probiotics | milk flavor | 30 tablets,5,是,"₱499.00-₱1,299.00",https://affiliate.tiktok.com/api/v1/share/ALSCBErmgTlo,,,,,,,,,,,
,https://p16-oec-sg.ibyteimg.com/tos-alisg-i-aphluv4xwc-sg/f0f8cf25b4c04f9785e6f3547b5eae10~tplv-aphluv4xwc-resize-jpeg:600:600.jpeg?dr=15584&from=520841845&idc=my&ps=933b5bde&shcp=6c17ea28&shp=1f0b6a75&t=555f072d,1733797004902958343,Pentavite Philippines,保健,保健食品,72,pentavite women's multi fruits & veggies chewable tablet - 23 tailored nutrition for menstrual support skin refresh & emotional stability,5,否,₱398.99-₱898.99,https://affiliate.tiktok.com/api/v1/share/ALUOzE1094g5,,,,,,,,,,,
,https://p16-oec-sg.ibyteimg.com/tos-alisg-i-aphluv4xwc-sg/23a1e05f134d455a89760682101c5a82~tplv-aphluv4xwc-resize-jpeg:600:600.jpeg?dr=15584&from=520841845&idc=my&ps=933b5bde&shcp=6c17ea28&shp=1f0b6a75&t=555f072d,1736667734246524334,Mooekiss PH,美妆个护,美妆,694,mooekiss  matte lip mud /glazevelvet mattelipstick  long-lasting non-stick cup lip glaze matte long-lasting waterprooflightweight moisturizing lip gloss highpigment lipstick makeup,4.7,是,₱179.00,https://affiliate.tiktok.com/api/v1/share/AL8sIrX2KyET,,,,,,,,,,,
,https://p16-oec-sg.ibyteimg.com/tos-alisg-i-aphluv4xwc-sg/1b383b2c246d40f19a1e5ce56cf53f77~tplv-aphluv4xwc-resize-jpeg:600:600.jpeg?dr=15584&from=520841845&idc=my&ps=933b5bde&shcp=6c17ea28&shp=1f0b6a75&t=555f072d,1737671469978846221,JMCY Cosmetics,美妆个护,美妆,49,"【new】jmcy tinted brow gel, natural long lasting eyebrow mascara, waterproof smudge resistant for defined brows",5,否,₱148.99,https://affiliate.tiktok.com/api/v1/share/ALVz7C371dtS,,,,,,,,,,,
,https://p16-oec-sg.ibyteimg.com/tos-alisg-i-aphluv4xwc-sg/386c96d6b2d040a684e32de28a75aeb7~tplv-aphluv4xwc-resize-jpeg:600:600.jpeg?dr=15584&from=520841845&idc=my&ps=933b5bde&shcp=6c17ea28&shp=1f0b6a75&t=555f072d,1737671174476956835,JMCY Beauty,美妆个护,美妆,38,"【new】jmcy velvet long-wear eyebrow mascara, one swipe natural brow look, all-day waterproof smudge resistant brow gel",4.5,否,₱148.99,https://affiliate.tiktok.com/api/v1/share/ALVz4SV9WLc7,,,,,,,,,,,
,https://p16-oec-sg.ibyteimg.com/tos-alisg-i-aphluv4xwc-sg/4d93be0436c9491997766dbab0fb0c84~tplv-aphluv4xwc-resize-jpeg:600:600.jpeg?dr=15584&from=520841845&idc=my&ps=933b5bde&shcp=6c17ea28&shp=1f0b6a75&t=555f072d,1735801041113548696,DAZZLE ME PHILIPPINES,美妆个护,美妆,4538,"dazzle me lock & pop! hyper bold-ing tube mascara | volumizing, long lasting, water resistant no smudge tubing mascara",4.7,否,₱179.00,https://affiliate.tiktok.com/api/v1/share/ALXupPQQRCT9,,,,,,,,,,,
,https://p16-oec-sg.ibyteimg.com/tos-alisg-i-aphluv4xwc-sg/a1fe3618a21443bb8430c818e7aa03c0~tplv-aphluv4xwc-resize-jpeg:600:600.jpeg?dr=15584&from=520841845&idc=my&ps=933b5bde&shcp=6c17ea28&shp=1f0b6a75&t=555f072d,1737252463143323155,ColgatePH Harry Potter,美妆个护,鼻子口腔护理,1260,[random house] new colgate harry potter sorting hat strips fluoride toothpaste 100g x2,4.9,否,₱377.99,https://affiliate.tiktok.com/api/v1/share/ALXvuoqyMKsJ,,,,,,,,,,,
,https://p16-oec-sg.ibyteimg.com/tos-alisg-i-aphluv4xwc-sg/ad14a1d9b5594b739f833c5e4e5043e6~tplv-aphluv4xwc-resize-jpeg:600:600.jpeg?dr=15584&from=520841845&idc=my&ps=933b5bde&shcp=6c17ea28&shp=1f0b6a75&t=555f072d,1737554291521258822,Formulogic: Philippines,美妆个护,美容护肤,428,[official] formulogic day & night barrier duo | day oil control moisturizer + night 5% panthenol sos barrier repair cream 40ml,4.8,否,₱260.01,https://affiliate.tiktok.com/api/v1/share/ALXwdQgZJqyy,,,,,,,,,,,
,https://p16-oec-sg.ibyteimg.com/tos-alisg-i-aphluv4xwc-sg/335447a11ce042b5996b388feb4414a8~tplv-aphluv4xwc-resize-jpeg:600:600.jpeg?dr=15584&from=520841845&idc=my&ps=933b5bde&shcp=6c17ea28&shp=1f0b6a75&t=555f072d,1734485899258922310,Formulogic: Philippines,美妆个护,美容护肤,2959,"[official] formulogic: duo(2pcs) skin emergency sos barrier repair cream 40ml - 5% panthenol hydrating moisturizer - whitening cream - sensitive skin, redness & breakouts",4.9,否,₱286.09,https://affiliate.tiktok.com/api/v1/share/ALXwdQGwTK2p,,,,,,,,,,,
,https://p16-oec-sg.ibyteimg.com/tos-alisg-i-aphluv4xwc-sg/bfacec527c714c3884492d36c2725e8b~tplv-aphluv4xwc-resize-jpeg:600:600.jpeg?dr=15584&from=520841845&idc=my&ps=933b5bde&shcp=6c17ea28&shp=1f0b6a75&t=555f072d,1734487713835681094,Formulogic: Philippines,美妆个护,美容护肤,114,[official] formulogic: duo (2pcs) oil control low ph cleanser 80ml x2,4.8,否,₱233.92,https://affiliate.tiktok.com/api/v1/share/ALXwdQGx1Nc5,,,,,,,,,,,
,https://p16-oec-sg.ibyteimg.com/tos-alisg-i-aphluv4xwc-sg/e78879dec82a4deba5001a0d41b53592~tplv-aphluv4xwc-resize-jpeg:600:600.jpeg?dr=15584&from=520841845&idc=my&ps=933b5bde&shcp=6c17ea28&shp=1f0b6a75&t=555f072d,1736100173693289735,HFYTDF-1,美妆个护,美妆,2264,ten twenty 4pcs makeup set matte foundation concealer pressed powder full coverage waterproof sweatproof oil control long lasting makeup covers dark circles acne marks blurs pores evens skin tone lightweight non greasy natural finish,4.5,是,₱79.00-₱239.00,https://affiliate.tiktok.com/api/v1/share/ALFkBOm7NsI0,,,,,,,,,,,
（注：部分内容由豆包工作 AI 生成）