图片,图片链接,产品ID,商家,一级类目,二级类目,商家是否审核,产品介绍,评分,销量,价格,机构链接,,,,,,,,,,,
,https://p16-oec-sg.ibyteimg.com/tos-alisg-i-aphluv4xwc-sg/a26f388a5d7746b4aac0b1625542efae~tplv-aphluv4xwc-resize-jpeg:600:600.jpeg?dr=15584&from=520841845&idc=my&ps=933b5bde&shcp=6c17ea28&shp=1f0b6a75&t=555f072d,1733428088709022983,"Pentavite Philippines
",保健,保健食品,是,"Pentavite Collagen Peptide with Pomanox Pomegranate & Raspberry Extracts 30 Chewables for Skin Radiance and Elasticity, Age-defying, Whitening, Firming and Hydration, FDA approved Beauty Supplement, Australia 85-Year National Brand",4.8,64809,₱286.09-₱788.70,https://affiliate.tiktok.com/api/v1/share/ALPqLBeNbLuW,,,,,,,,,,,
,https://p16-oec-sg.ibyteimg.com/tos-alisg-i-aphluv4xwc-sg/152c0bf3043246afbbdbd744ce3d6f10~tplv-aphluv4xwc-resize-jpeg:600:600.jpeg?dr=15584&from=520841845&idc=my&ps=933b5bde&shcp=6c17ea28&shp=1f0b6a75&t=555f072d,1733793763387409671,"Pentavite Philippines
",保健,保健食品,是,Pentavite Bubble B Plus 8 Active Bs Taurin for Energy Boost & Skin Radiance Holistic Support Supplement,4.8,54792,₱216.52-₱520.87,https://affiliate.tiktok.com/api/v1/share/ALPqJilNotfm,,,,,,,,,,,
,https://p16-oec-sg.ibyteimg.com/tos-alisg-i-aphluv4xwc-sg/f9a8ee7c24f749fa97265d9163668b8d~tplv-aphluv4xwc-resize-jpeg:600:600.jpeg?dr=15584&from=520841845&idc=my&ps=933b5bde&shcp=6c17ea28&shp=1f0b6a75&t=555f072d,1733726113412711687,"Pentavite Philippines
",保健,保健食品,是,"Pentavite Glutathione Plus Grape Seed & White Tomato（30 chewables） with 200mg pure L-Glutathione each tablet, brightening and whitening skintone, supporting antioxidation and detoxification and boosting melanin metabolism",4.8,11208,₱433.91-₱954.78,https://affiliate.tiktok.com/api/v1/share/ALPqJilNXjTz,,,,,,,,,,,
,https://p16-oec-sg.ibyteimg.com/tos-alisg-i-aphluv4xwc-sg/b167903a5c21486889e12d3cfe863fef~tplv-aphluv4xwc-resize-jpeg:600:600.jpeg?dr=15584&from=520841845&idc=my&ps=933b5bde&shcp=6c17ea28&shp=1f0b6a75&t=555f072d,1733742953767208199,"Pentavite Philippines
",保健,保健食品,是,"Pentavite Niacinamide Plus Vitamin C&E, Ultra UV Protection, Whitening from Within, FDA Approved, 360° Defense, Reduce Dark Spots, Brightening & After-sun Repair",4.8,205300,₱260.00-₱762.61,https://affiliate.tiktok.com/api/v1/share/ALPqLBeNsYu1,,,,,,,,,,,
,https://p16-oec-sg.ibyteimg.com/tos-alisg-i-aphluv4xwc-sg/aad5a83ce6734ed59ab466472d21c96f~tplv-aphluv4xwc-resize-jpeg:600:600.jpeg?dr=15584&from=520841845&idc=my&ps=933b5bde&shcp=6c17ea28&shp=1f0b6a75&t=555f072d,1734388156744107271,"Pentavite Philippines
",保健,保健食品,是,Pentavite Skin Wellness Bundle Deals Mix & Match: [Duo Bundle] Collagen + Gluta + Niacinamide | FDA Approved 360° Brightening & Age-Defying Chewables,4.8,48681,₱512.17-₱633.91,https://affiliate.tiktok.com/api/v1/share/ALPqLBeO9ajo,,,,,,,,,,,
,https://p16-oec-sg.ibyteimg.com/tos-alisg-i-aphluv4xwc-sg/a282897273c041088677dd954b5eff73~tplv-aphluv4xwc-resize-jpeg:600:600.jpeg?dr=15584&from=520841845&idc=my&ps=933b5bde&shcp=6c17ea28&shp=1f0b6a75&t=555f072d,1733520171600021473,usmile Official PH,美妆个护,鼻子口腔护理,否,"usmile Optical White Toothpaste, Purple Toothpaste, Color-Corrects Yellow Tones, Removes Stains & Bad Breath, Up to 10× Whitening in 1 Day, Minty Grape, 110g",4.7,393476,₱190.00-₱723.00,https://affiliate.tiktok.com/api/v1/share/AJcF9kYyYpZu,,,,,,,,,,,
,https://p16-oec-sg.ibyteimg.com/tos-alisg-i-aphluv4xwc-sg/d8ded28dc52b4bb4b380f9b39bd51d2b~tplv-aphluv4xwc-resize-jpeg:600:600.jpeg?dr=15584&from=520841845&idc=my&ps=933b5bde&shcp=6c17ea28&shp=1f0b6a75&t=555f072d,1733367315216172246,Smile Supply,美妆个护,鼻子口腔护理,否,"[BUY 1 GET 2 FREE] Dr.Ritta SP68 Whitening Toothpaste 100g - Dual-Effect Whitening, Remove Plaque & Bad Breath [COD]",4.7,75653,₱80.00-₱129.00,https://affiliate.tiktok.com/api/v1/share/AJUyJB0Yhfgq,,,,,,,,,,,
,https://p16-oec-sg.ibyteimg.com/tos-alisg-i-aphluv4xwc-sg/7970f8b8596542d68319895427384ccc~tplv-aphluv4xwc-resize-jpeg:600:600.jpeg?dr=15584&from=520841845&idc=my&ps=933b5bde&shcp=6c17ea28&shp=1f0b6a75&t=555f072d,1735016913839228858,YMAGA Food,食品饮料,零食,是,【 10 Metal Tins per Box 】YMAGA Sugar Free Mint Candies Oral Aroma 5 Flavors Grape Passion Fruit Lime Cola Strawberry Fresh Breath Cool Sweet Hard Candy,4.8,49381,₱129.00-₱248.00,https://affiliate.tiktok.com/api/v1/share/AKHlrr9OLYRB,,,,,,,,,,,
,https://p16-oec-sg.ibyteimg.com/tos-alisg-i-aphluv4xwc-sg/55c81fb2e0eb4c05a7330e2dbb79242f~tplv-aphluv4xwc-resize-jpeg:600:600.jpeg?dr=15584&from=520841845&idc=my&ps=933b5bde&shcp=6c17ea28&shp=1f0b6a75&t=555f072d,1734454481034512114,"KathwiShop PH
最畅销SKU:No.5",汽车与摩托车,内部配件,否,"KATHWI Mountain Forest Car Fragrance, No. 5, White Tea, Qud Wood Balm, long-lasting and pleasant fragrance, the latest luxury car fragrance 120ml",4.5,133185,₱329.24-₱659.42,https://affiliate.tiktok.com/api/v1/share/AL88Ir4j8BoS,,,,,,,,,,,
,https://p16-oec-sg.ibyteimg.com/tos-alisg-i-aphluv4xwc-sg/4814896968a344b8b361cd087ca8f3c7~tplv-aphluv4xwc-resize-jpeg:600:600.jpeg?dr=15584&from=520841845&idc=my&ps=933b5bde&shcp=6c17ea28&shp=1f0b6a75&t=555f072d,1735044480914917065,EyeGlow PH,美妆个护,美妆,否,"YZS Three-color eyeshadow palette, radiant beauty, glitter with gradient tones, one-swipe three-color eyeshadow pen, suitable for beginners, matte and shimmer Makeup Cosmetic",4.7,96962,₱99.00-₱169.00,https://affiliate.tiktok.com/api/v1/share/AKX2qqiBQJiR,,,,,,,,,,,
,https://p16-oec-sg.ibyteimg.com/tos-alisg-i-aphluv4xwc-sg/8e1cb09033374efdb2debce87996338b~tplv-aphluv4xwc-resize-jpeg:600:600.jpeg?dr=15584&from=520841845&idc=my&ps=933b5bde&shcp=6c17ea28&shp=1f0b6a75&t=555f072d,1736142386084284105,EyeGlow PH,美妆个护,美妆,否,"YZS three-color eyeshadow palette, gradient-tone shimmer, one-stroke three-color eyeshadow pen, suitable for beginners to create an everyday refined makeup look, 10 color options",4.7,45449,₱99.00,https://affiliate.tiktok.com/api/v1/share/AKte28OybNZX,,,,,,,,,,,
,https://p16-oec-sg.ibyteimg.com/tos-alisg-i-aphluv4xwc-sg/f17465acee2948db96357ef95bb5df29~tplv-aphluv4xwc-resize-jpeg:600:600.jpeg?dr=15584&from=520841845&idc=my&ps=933b5bde&shcp=6c17ea28&shp=1f0b6a75&t=555f072d,1734380364660770118,Formulogicph,美妆个护,美容护肤,是,Formulogic: Oil Control Barrier Moisturizer 40ml | 4% Niacinamide + 5X Ceramide | Oily Skin,4.7,32382,₱199.00,https://affiliate.tiktok.com/api/v1/share/AL2uJAcgIfDy,,,,,,,,,,,
,https://p16-oec-sg.ibyteimg.com/tos-alisg-i-aphluv4xwc-sg/0080abb50fd241158314fc15b0c13e4b~tplv-aphluv4xwc-resize-jpeg:600:600.jpeg?dr=15584&from=520841845&idc=my&ps=933b5bde&shcp=6c17ea28&shp=1f0b6a75&t=555f072d,1734495117667042937,WEIDONGSHOP,美妆个护,香水,是,YILIX Limited Edition Eternal Legend 100ml Man Perfume Long lasting Fragrance,4.5,55445,₱189.00-₱199.00,https://affiliate.tiktok.com/api/v1/share/AJxZvJydxKdp,,,,,,,,,,,
,https://p16-oec-sg.ibyteimg.com/tos-alisg-i-aphluv4xwc-sg/7bdf0fbd180b4ff6aba66e4c8e4c14bb~tplv-aphluv4xwc-resize-jpeg:600:600.jpeg?dr=15584&from=520841845&idc=my&ps=933b5bde&shcp=6c17ea28&shp=1f0b6a75&t=555f072d,1734379948209505606,Formulogic:Philippines,美妆个护,美容护肤,是,"Formulogic: Skin Emergency SOS Barrier Repair Cream 40ml | 5% Panthenol Hydrating Moisturizer | Sensitive Skin, Redness & Breakouts",4.7,141014,₱199.00,https://affiliate.tiktok.com/api/v1/share/AL2uAFebLY9C,,,,,,,,,,,
,https://p16-oec-sg.ibyteimg.com/tos-alisg-i-aphluv4xwc-sg/85faaf0bc48e491aaf2d0f98e72d77e8~tplv-aphluv4xwc-resize-jpeg:600:600.jpeg?dr=15584&from=520841845&idc=my&ps=933b5bde&shcp=6c17ea28&shp=1f0b6a75&t=555f072d,1734379977271969094,Formulogicph,美妆个护,美容护肤,是,Formulogic: Oil Control Low pH Gel Cleanser 80ml | Niacinamide + BHA | Oily Skin,4.7,10969,₱149.00,https://affiliate.tiktok.com/api/v1/share/AL2uYxgUmcdu,,,,,,,,,,,
,https://p16-oec-sg.ibyteimg.com/tos-alisg-i-aphluv4xwc-sg/08becf4238184eb2b99ed456e02e3c1e~tplv-aphluv4xwc-resize-jpeg:600:600.jpeg?dr=15584&from=520841845&idc=my&ps=933b5bde&shcp=6c17ea28&shp=1f0b6a75&t=555f072d,1734379715543860550,Formulogicph,美妆个护,美容护肤,是,Formulogic: Low pH Gentle Cleanser 80ml Barrier Repair | Panthenol (B5) + Ceramide | Sensitive Skin,4.8,7669,₱149.00,https://affiliate.tiktok.com/api/v1/share/AL2uJJ1X83CA,,,,,,,,,,,
,https://p16-oec-sg.ibyteimg.com/tos-alisg-i-aphluv4xwc-sg/3cd49713b3d24c808243dee152d3821a~tplv-aphluv4xwc-resize-jpeg:600:600.jpeg?dr=15584&from=520841845&idc=my&ps=933b5bde&shcp=6c17ea28&shp=1f0b6a75&t=555f072d,1735496697270207586,Comfort Room,女装与女士内衣,女士内衣,否,Silicone Invisible Bra Push Up Sticky Bra Breathable Strapless Nipple Cover for Women,4.5,18656,₱77.99,https://affiliate.tiktok.com/api/v1/share/AKir5tocd1Vd,,,,,,,,,,,
,https://p16-oec-sg.ibyteimg.com/tos-alisg-i-aphluv4xwc-sg/e233577c8f8946f08f2b43fede6df67a~tplv-aphluv4xwc-resize-jpeg:600:600.jpeg?dr=15584&from=520841845&idc=my&ps=933b5bde&shcp=6c17ea28&shp=1f0b6a75&t=555f072d,1736049259738203890,KathwiShop PH,汽车与摩托车,内部配件,否,"KATHWI Mountain Forest Car Fragrance, new scent, free wilderness, No. 5, White Tea, Qud Wood Balm, long-lasting and pleasant fragrance, the latest luxury car fragrance 120ml",4.6,26549,₱349.00-₱799.00,https://affiliate.tiktok.com/api/v1/share/AL88Ir4jPPAi,,,,,,,,,,,
,https://p16-oec-sg.ibyteimg.com/tos-alisg-i-aphluv4xwc-sg/89db2700caf14181a43a82a9c3729b5c~tplv-aphluv4xwc-resize-jpeg:600:600.jpeg?dr=15584&from=520841845&idc=my&ps=933b5bde&shcp=6c17ea28&shp=1f0b6a75&t=555f072d,1733461346477966845,999 Battery Brandstore,手机与数码,手机配件,否,"999 SANNINE COD AA/AAA size 1.5V Basic Disposable Carbon Zinc Battery – Stable Performance, Long Battery Life, Mercury-Free & Eco-Friendly, Leak-Proof",4.7,15100,₱65.00-₱129.00,https://affiliate.tiktok.com/api/v1/share/AKXy7PZlu0hm,,,,,,,,,,,
,https://p16-oec-sg.ibyteimg.com/tos-alisg-i-aphluv4xwc-sg/54e96fcae0f64a8b8b0a549eb07b094e~tplv-aphluv4xwc-resize-jpeg:600:600.jpeg?dr=15584&from=520841845&idc=my&ps=933b5bde&shcp=6c17ea28&shp=1f0b6a75&t=555f072d,1735067538029053682,KathwiShop PH,汽车与摩托车,内部配件,否,"KATHWI Gloudy Mountain Car Fragrance, No.5, Longjing Tea, Blue Horizon Balm, long-lasting and pleasant fragrance, the latest luxury car fragrance 150g",4.4,21808,₱313.32-₱627.61,https://affiliate.tiktok.com/api/v1/share/AL88ElbApDk0,,,,,,,,,,,
,https://p16-oec-sg.ibyteimg.com/tos-alisg-i-aphluv4xwc-sg/b5df13bf08ff40d382b44a26355b166c~tplv-aphluv4xwc-resize-jpeg:600:600.jpeg?dr=15584&from=520841845&idc=my&ps=933b5bde&shcp=6c17ea28&shp=1f0b6a75&t=555f072d,1735757196806095997,COMFII,女装与女士内衣,女士内衣,否,French Strapless Bra Invisible Anti-slip Push-up Cute Sexy Perfect for Summer Dresses,4.6,5821,₱158.00,https://affiliate.tiktok.com/api/v1/share/AKuCD29nnwT9,,,,,,,,,,,
,https://p16-oec-sg.ibyteimg.com/tos-alisg-i-aphluv4xwc-sg/02a1281470a54d9ba7fb732fcc24deb6~tplv-aphluv4xwc-resize-jpeg:600:600.jpeg?dr=15584&from=520841845&idc=my&ps=933b5bde&shcp=6c17ea28&shp=1f0b6a75&t=555f072d,1734453298430117618,KathwiShop PH,汽车与摩托车,内部配件,否,"KATHWI K-nature Car Fragrance, Rose Forest, Yu Long Tea, Eternal Water Balm, long-lasting and pleasant fragrance, the latest luxury car fragrance 180g",4.2,9937,₱299.00-₱599.00,https://affiliate.tiktok.com/api/v1/share/AL88ElbAYHlW,,,,,,,,,,,
,https://p16-oec-sg.ibyteimg.com/tos-alisg-i-aphluv4xwc-sg/1b6c8d4ad3e748bfbf44c5a2d6ee244b~tplv-aphluv4xwc-resize-jpeg:600:600.jpeg?dr=15584&from=520841845&idc=my&ps=933b5bde&shcp=6c17ea28&shp=1f0b6a75&t=555f072d,1736522498071102979,Washoo,美妆个护,洗浴与身体护理,否,"Washoo Sulfur Body Lotion – 12H Hydration & Lightweight Moisture Care, Fast Absorbing, Non-Greasy Formula, Helps Improve Rough & Bumpy Skin, Soft & Smooth Skin Feel, Body Care, 200g",4.8,5212,₱199.00-₱499.00,https://affiliate.tiktok.com/api/v1/share/AL5O0i0gjK4T,,,,,,,,,,,
,https://p16-oec-sg.ibyteimg.com/tos-alisg-i-aphluv4xwc-sg/a96d2e4ee4e54fd4aea9cef50906e0ae~tplv-aphluv4xwc-resize-jpeg:600:600.jpeg?dr=15584&from=520841845&idc=my&ps=933b5bde&shcp=6c17ea28&shp=1f0b6a75&t=555f072d,1734292809418770041,WEIDONGSHOP,美妆个护,香水,是,YILIX 160ML Body Mist Spray Unisex DEO Body Spray Long Lasting Strong Fragrance Perfume Spray Daily Use for man and woman,4.7,112611,₱179.00,https://affiliate.tiktok.com/api/v1/share/AJlQDVEtBqXP,,,,,,,,,,,
,https://p16-oec-sg.ibyteimg.com/tos-alisg-i-aphluv4xwc-sg/d08fd532aef14f88a6fdeed395a7a62d~tplv-aphluv4xwc-resize-jpeg:600:600.jpeg?dr=15584&from=520841845&idc=my&ps=933b5bde&shcp=6c17ea28&shp=1f0b6a75&t=555f072d,1735531695750284397,"Teashell Philippines
",美妆个护,洗浴与身体护理,是,【FDA Approved】Teashell Niacinamide Skin Brightening Soap 7 Days Whitening Acne Dark Spot Remover Oil Control Full Body Cleansing Bar 100g,4.7,145781,₱149.00-₱289.00,https://affiliate.tiktok.com/api/v1/share/AL8qjJgFtqoA,,,,,,,,,,,
,https://p16-oec-sg.ibyteimg.com/tos-alisg-i-aphluv4xwc-sg/bee0fb0131224347894f5b88428dec9f~tplv-aphluv4xwc-resize-jpeg:600:600.jpeg?dr=15584&from=520841845&idc=my&ps=933b5bde&shcp=6c17ea28&shp=1f0b6a75&t=555f072d,1735805626336314706,"Teashell PH Skincare
",美妆个护,洗浴与身体护理,是,【FDA Approved】Teashell Niacinamide Skin Brightening Soap 7 Days Whitening Acne Dark Spot Remover Oil Control Full Body Cleansing Bar 100g,4.7,188841,₱149.00-₱289.00,https://affiliate.tiktok.com/api/v1/share/AL8qg5vHxPfx,,,,,,,,,,,
,https://p16-oec-sg.ibyteimg.com/tos-alisg-i-aphluv4xwc-sg/308eb6e1478f48ac9003c586b721cc89~tplv-aphluv4xwc-resize-jpeg:600:600.jpeg?dr=15584&from=520841845&idc=my&ps=933b5bde&shcp=6c17ea28&shp=1f0b6a75&t=555f072d,1734584959935415459,JMCY Beauty,美妆个护,美妆,是,【Makeup Artist Approved】JMCY Velvet Soft Pressed Powder-Oil Control Matte Powder Long Lasting Flawless Setting Powder Face Makeup With Mirror,4.8,46165,₱179.00,https://affiliate.tiktok.com/api/v1/share/AL8rDiq3F48b,,,,,,,,,,,
,https://p16-oec-sg.ibyteimg.com/tos-alisg-i-aphluv4xwc-sg/bf13422a25544d0aad56e370e42d5d09~tplv-aphluv4xwc-resize-jpeg:600:600.jpeg?dr=15584&from=520841845&idc=my&ps=933b5bde&shcp=6c17ea28&shp=1f0b6a75&t=555f072d,1734570227584762893,JMCY Cosmetics,美妆个护,美妆,是,【FDA Approved】JMCY Velvet Soft Pressed Powder-Oil Control Matte Powder Long Lasting Flawless Setting Powder Face Makeup With Mirror,4.8,34330,₱179.00,https://affiliate.tiktok.com/api/v1/share/AKrEJLgLIHTQ,,,,,,,,,,,
,https://p16-oec-sg.ibyteimg.com/tos-alisg-i-aphluv4xwc-sg/8d2fb10ecc694907b5272389085c7356~tplv-aphluv4xwc-resize-jpeg:600:600.jpeg?dr=15584&from=520841845&idc=my&ps=933b5bde&shcp=6c17ea28&shp=1f0b6a75&t=555f072d,1734436777058469027,JMCY Beauty,美妆个护,美妆,是,"【Makeup Artist Approved】JMCY Setting Spray Dual-use hydrating & setting spray that keeps makeup fresh, smudge-proof, 24H long-lasting, oil-control with SPF25 PA++",4.7,620429,₱129.57-₱294.79,https://affiliate.tiktok.com/api/v1/share/AL8rCTXx1sHe,,,,,,,,,,,
,https://p16-oec-sg.ibyteimg.com/tos-alisg-i-aphluv4xwc-sg/e33d6f7ed69a4ed2b9358acd3a6ef101~tplv-aphluv4xwc-resize-jpeg:600:600.jpeg?dr=15584&from=520841845&idc=my&ps=933b5bde&shcp=6c17ea28&shp=1f0b6a75&t=555f072d,1736737320358151181,JMCY Cosmetics,美妆个护,美妆,是,"【Hajie Alejandro Approved】JMCY 3D Sculpting Dual-Ended Contour Liquid Natural Shadow & Highlight, Long-Lasting Blendable Face Shaping",4.8,10742,₱129.00,https://affiliate.tiktok.com/api/v1/share/ALAsoHuTpCwc,,,,,,,,,,,
,https://p16-oec-sg.ibyteimg.com/tos-alisg-i-aphluv4xwc-sg/e97823b9e00b4f2b961d9ce62997c8ad~tplv-aphluv4xwc-resize-jpeg:600:600.jpeg?dr=15584&from=520841845&idc=my&ps=933b5bde&shcp=6c17ea28&shp=1f0b6a75&t=555f072d,1736737873421304995,JMCY Beauty,美妆个护,美妆,是,【NEW】JMCY Dual Liquid Contour & Highlighter | Reshape Your Face,4.8,24879,₱128.99,https://affiliate.tiktok.com/api/v1/share/ALAsoIadG2ti,,,,,,,,,,,
,https://p16-oec-sg.ibyteimg.com/tos-alisg-i-aphluv4xwc-sg/096f9dc922a942abb5a4b970f8a73f05~tplv-aphluv4xwc-resize-jpeg:600:600.jpeg?dr=15584&from=520841845&idc=my&ps=933b5bde&shcp=6c17ea28&shp=1f0b6a75&t=555f072d,1732154982359336123,Neulight Shop,居家日用,家庭护理用品,否,APEX Dishwashing Bar Anti-bac / Lemon 220g – Kitchen Cleaning Soap for Grease & Utensils,4.8,10997,₱29.40-₱126.00,https://affiliate.tiktok.com/api/v1/share/AL9RvqmneXXS,,,,,,,,,,,
,https://p16-oec-sg.ibyteimg.com/tos-alisg-i-aphluv4xwc-sg/9b67f56421284ecd947056b3e21f7dac~tplv-aphluv4xwc-resize-jpeg:600:600.jpeg?dr=15584&from=520841845&idc=my&ps=933b5bde&shcp=6c17ea28&shp=1f0b6a75&t=555f072d,1734144146871911762,Teashell PH Skincare,美妆个护,美容护肤,是,【FDA Approved】Teashell 5% Niacinamide Whitening Serum Vitamin C Alpha Arbutin Brightening Dark Spot Remover Redness Relief Pore Minimizer Face & Body 30mlBody Use,4.7,202815,₱131.12-₱299.00,https://affiliate.tiktok.com/api/v1/share/AL8qjJgEWRjU,,,,,,,,,,,
,https://p16-oec-sg.ibyteimg.com/tos-alisg-i-aphluv4xwc-sg/98112c09462a4aa7a0ceeb34bfd2d0dc~tplv-aphluv4xwc-resize-jpeg:600:600.jpeg?dr=15584&from=520841845&idc=my&ps=933b5bde&shcp=6c17ea28&shp=1f0b6a75&t=555f072d,1733631693292930157,Teashell Philippines,美妆个护,美容护肤,是,Teashell Whitening Serum 5% Niacinamide & Alpha Arbutin 30ml - Fade Dark Spots Brighten Skin Long Lasting Hydration Sensitive Skin,4.7,507989,₱199.00,https://affiliate.tiktok.com/api/v1/share/AJd3pEkeSuZG,,,,,,,,,,,
,https://p16-oec-sg.ibyteimg.com/tos-alisg-i-aphluv4xwc-sg/13d66f389228471590c7c6be96f3604e~tplv-aphluv4xwc-resize-jpeg:600:600.jpeg?dr=15584&from=520841845&idc=my&ps=933b5bde&shcp=6c17ea28&shp=1f0b6a75&t=555f072d,1734131804689630504,FJ-RUN XIN,美妆个护,美容护肤,否,【BUY 2 TAKE 1】FDA approved GLUTATHIONE X40 SPF50 PA++++ Extreme Whitening Moisturizing Sunscreen & for All Skin Types & Easy to Blend & Moisturizer Hydrate & Long-Lasting Waterproof & Cleansing UV Rays Facial Squeeze Lightweight Sensitive Brightener Daily,4.6,49739,₱29.00-₱119.00,https://affiliate.tiktok.com/api/v1/share/AKn49k9bWkbU,,,,,,,,,,,
,https://p16-oec-sg.ibyteimg.com/tos-alisg-i-aphluv4xwc-sg/acc658ecbef644cfb9d38df7ab389950~tplv-aphluv4xwc-resize-jpeg:600:600.jpeg?dr=15584&from=520841845&idc=my&ps=933b5bde&shcp=6c17ea28&shp=1f0b6a75&t=555f072d,1734295935371609727,Andrea Loves,美妆个护,香水,否,Andrea Secret [ Iron Legacy Series 100ML ] Sexy Perfume for Men Long Lasting Fragrance Mist,4.7,30163,₱229.00,https://affiliate.tiktok.com/api/v1/share/AL8VmwDpj0Ey,,,,,,,,,,,
,https://p16-oec-sg.ibyteimg.com/tos-alisg-i-aphluv4xwc-sg/2eac8ddeafc9498a965fe4d2f3f7a52c~tplv-aphluv4xwc-resize-jpeg:600:600.jpeg?dr=15584&from=520841845&idc=my&ps=933b5bde&shcp=6c17ea28&shp=1f0b6a75&t=555f072d,1729396317156838666,SHEENARIO.PH,美妆个护,美容、个护电器,否,"【5in1 Plus】STAYOUNG 5in1 Hair Styler C1 Plus, Upgrade 5 IN 1 Multifunctional Hair Dryer Styling Tool, Hot air dryer blower curler",4.6,77477,"₱1,049.00-₱1,399.00",https://affiliate.tiktok.com/api/v1/share/AL66OkyquNPU,,,,,,,,,,,
,https://p16-oec-sg.ibyteimg.com/tos-alisg-i-aphluv4xwc-sg/819182f6ff7140569d69738c6414d939~tplv-aphluv4xwc-resize-jpeg:600:600.jpeg?dr=15584&from=520841845&idc=my&ps=933b5bde&shcp=6c17ea28&shp=1f0b6a75&t=555f072d,1731513320311522467,JMCY Beauty,美妆个护,美妆,是,【FDA Approved】JMCY Velvet Matte Lip Tint | 24H Glossy Transfer-Proof Lipstick | Moisturizer High Pigment Moisturizing Gloss | Summer Beach-Ready Makeup jmcy 2 in 1 Cosmetic Pinoy Fave Tiktok Viral Lipgloss #SummerLipMagicPH​​,4.8,116264,₱119.00,https://affiliate.tiktok.com/api/v1/share/AL8qnWOOkJxA,,,,,,,,,,,
,https://p16-oec-sg.ibyteimg.com/tos-alisg-i-aphluv4xwc-sg/a10a2ff35b984530a58ef29caacff8c3~tplv-aphluv4xwc-resize-jpeg:600:600.jpeg?,1729398746418679047,LANBENA Philippines,美妆个护,美容护肤,否,"【Official】LANBENA Vitamin C 4X antioxidant dark circles fading Eye Mask Whitening Patches AntiAging Wrinkles Remove Dark Eye Circle Eye Care 60Pcs, Skin Care Comfort",4.7,129856,₱199.00-,https://affiliate.tiktok.com/api/v1/share/AJ9uVc5pNGuk,,,,,,,,,,,
,https://p16-oec-sg.ibyteimg.com/tos-alisg-i-aphluv4xwc-sg/271fb03359d643d2956c1e4a2bfcb963~tplv-aphluv4xwc-resize-jpeg:600:600.jpeg?dr=15584&from=520841845&idc=my&ps=933b5bde&shcp=6c17ea28&shp=1f0b6a75&t=555f072d,1731727099228620746,MR.VET Philippines,宠物用品,猫狗食品,否,"MR.VET Combo Flavor Explosion 5 Flavors x 50g (T1, T2, T3, T4, G1)",4.9,65249,₱80.87,https://affiliate.tiktok.com/api/v1/share/ALAclhwDRrr1,,,,,,,,,,,
,https://p16-oec-sg.ibyteimg.com/tos-alisg-i-aphluv4xwc-sg/87ec70e22b0a402cbf97bc93c8a39fba~tplv-aphluv4xwc-resize-jpeg:600:600.jpeg?dr=15584&from=520841845&idc=my&ps=933b5bde&shcp=6c17ea28&shp=1f0b6a75&t=555f072d,1734119154359043116,NATRUTH-PH,居家日用,家庭护理用品,否,NATRUTH Dehumidifier 500ML Box | Solves Moisture Problems | Anti-Mold | Air Protection | Suitable for Living Room Kitchen Bedroom,4.8,47072,₱121.74-,https://affiliate.tiktok.com/api/v1/share/AJkrv7Xm9PGL,,,,,,,,,,,
,https://p16-oec-sg.ibyteimg.com/tos-alisg-i-aphluv4xwc-sg/0bdf4a1634204a868efcd8ac3077bf1c~tplv-aphluv4xwc-resize-jpeg:600:600.jpeg?dr=15584&from=520841845&idc=my&ps=933b5bde&shcp=6c17ea28&shp=1f0b6a75&t=555f072d,1730931908492428332,NATRUTH-PH,居家日用,家庭护理用品,否,"Dehumidifier 500ML | Solve Dampness and Moisture Problems | Perfect for Living Room, Kitchen, Bedroom, and Bathroom",4.8,489322,₱121.74-₱694.79,https://affiliate.tiktok.com/api/v1/share/AJhNGkhcAp8e,,,,,,,,,,,
,https://p16-oec-sg.ibyteimg.com/tos-alisg-i-aphluv4xwc-sg/b63e7eb02dd14c818c7817094db1aca8~tplv-aphluv4xwc-resize-jpeg:600:600.jpeg?dr=15584&from=520841845&idc=my&ps=933b5bde&shcp=6c17ea28&shp=1f0b6a75&t=555f072d,1736553073122641059,JMCY Beauty,美妆个护,美妆,是,【FDA Approved】JMCY 100ML Refill Bag Setting Spray Long Lasting Makeup Fixer,4.8,16925,₱179.00-₱369.00,https://affiliate.tiktok.com/api/v1/share/AL8qzG7fv7Dd,,,,,,,,,,,
,https://p16-oec-sg.ibyteimg.com/tos-alisg-i-aphluv4xwc-sg/be4b960caa2f404c877df4a4ba5cfb6d~tplv-aphluv4xwc-resize-jpeg:600:600.jpeg?dr=15584&from=520841845&idc=my&ps=933b5bde&shcp=6c17ea28&shp=1f0b6a75&t=555f072d,1730687796975469731,JMCY Beauty,美妆个护,美妆,是,【Makeup Artist Approved】JMCY 3 in 1 Lipstick | double ended Lip Glaze Lipstick Matte Lip Matte Moisturizing Lip Gloss Waterproof Glossy Makeup,4.8,145811,₱103.48-₱139.00,https://affiliate.tiktok.com/api/v1/share/AL8rCTXlCrUT,,,,,,,,,,,
,https://p16-oec-sg.ibyteimg.com/tos-alisg-i-aphluv4xwc-sg/9b4bc760e88546498154c5d376ad95d8~tplv-aphluv4xwc-resize-jpeg:600:600.jpeg?dr=15584&from=520841845&idc=my&ps=933b5bde&shcp=6c17ea28&shp=1f0b6a75&t=555f072d,1732537128130479737,WEIDONGSHOP,美妆个护,香水,是,"YILIX Eau de Perfume - 105ml Oil Based Limited Edition Body Spray - Long Lasting Pour Homme Fragrance - Natural Scent - Blue Seduction, Red Romance, Purple Ocean",4.5,186791,₱169.00,https://affiliate.tiktok.com/api/v1/share/AJDCt6AmYkVa,,,,,,,,,,,
,https://p16-oec-sg.ibyteimg.com/tos-alisg-i-aphluv4xwc-sg/d515fbaec3db448da638510dd321a3b4~tplv-aphluv4xwc-resize-jpeg:600:600.jpeg?dr=15584&from=520841845&idc=my&ps=933b5bde&shcp=6c17ea28&shp=1f0b6a75&t=555f072d,1732097542904579235,JMCY Beauty,美妆个护,美妆,是,【Makeup Artist Approved】JMCY Oil Blotting Paper with Mirror and Puff 3in1 Design 100 Sheets Replaceable Rose Scent Portable Face Oil Control Matte Finish for Office School Travel Use Makeup Cosmetic,4.8,248308,₱59.00-₱109.00,https://affiliate.tiktok.com/api/v1/share/AL8rDiq2Pv2X,,,,,,,,,,,
,https://p16-oec-sg.ibyteimg.com/tos-alisg-i-aphluv4xwc-sg/29e16082e56f4ab9a6c4568c60ae8b46~tplv-aphluv4xwc-resize-jpeg:600:600.jpeg?dr=15584&from=520841845&idc=my&ps=933b5bde&shcp=6c17ea28&shp=1f0b6a75&t=555f072d,1731657175964288903,MAANGE Makeup,美妆个护,美妆,否,【Limited】MAANGE Full Coverage Concealer - Hydrating & Longwear,4.7,315654,₱129.00-₱300.00,https://affiliate.tiktok.com/api/v1/share/AJTNqLIPv2th,,,,,,,,,,,
,https://p16-oec-sg.ibyteimg.com/tos-alisg-i-aphluv4xwc-sg/ee7ea0fd69a04b8ba11a61a5be48ff25~tplv-aphluv4xwc-resize-jpeg:600:600.jpeg?dr=15584&from=520841845&idc=my&ps=933b5bde&shcp=6c17ea28&shp=1f0b6a75&t=555f072d,1733081962594338650,Beauty Glazed,美妆个护,美妆,否,"B1T1 Lip Combo Non-Sticky Moisturizing Lip Oil & Lip Liner Set | Natural Nude, Long-Lasting Liquid Lip Gloss for Women",4.7,161487,₱135.45,https://affiliate.tiktok.com/api/v1/share/AJia4UFWnusq,,,,,,,,,,,
,https://p16-oec-sg.ibyteimg.com/tos-alisg-i-aphluv4xwc-sg/a42a6bab0ca1417eb3fe8d6d8873a116~tplv-aphluv4xwc-resize-jpeg:600:600.jpeg?dr=15584&from=520841845&idc=my&ps=933b5bde&shcp=6c17ea28&shp=1f0b6a75&t=555f072d,1730803913418311432,SHEGLAM Store PH,美妆个护,美妆,否,SHEGLAM Good Grip Hydrating Primer Full Size & 15ml Travel Size Viral Makeup Gripping Base Long Lasting Pore Blurring Hydrating Face Primer,4.8,165890,₱183.40-₱382.43,https://affiliate.tiktok.com/api/v1/share/AKETISUda9TC,,,,,,,,,,,
,https://p16-oec-sg.ibyteimg.com/tos-alisg-i-aphluv4xwc-sg/f9e9834daa104f73b17c0dbd409a90b3~tplv-aphluv4xwc-resize-jpeg:600:600.jpeg?dr=15584&from=520841845&idc=my&ps=933b5bde&shcp=6c17ea28&shp=1f0b6a75&t=555f072d,1736501530449774016,Keepo petfood,宠物用品,猫狗食品,否,Keepo Dog Kibble 50g Salmon Flavor Supports Skin & Coat Care，Lamb Flavor Stronger immunity,4.8,9201,₱19.00-₱180.00,https://affiliate.tiktok.com/api/v1/share/ALFdSKLNfGnX,,,,,,,,,,,
,https://p16-oec-sg.ibyteimg.com/tos-alisg-i-aphluv4xwc-sg/e4bd2c9210574c05acc59cbd7b2867d1~tplv-aphluv4xwc-resize-jpeg:600:600.jpeg?dr=15584&from=520841845&idc=my&ps=933b5bde&shcp=6c17ea28&shp=1f0b6a75&t=555f072d,1735279948996576675,Probiotic Lozenges,保健,保健食品,否,Kissport Probiotic Lozenges | Sugar Free | Sweetened with Fruit & Peppermint | Fast Dissolving Lozenge Form | Fresh Breath | Chinese New Year Gift,4.7,7260,₱108.00-₱498.00,https://affiliate.tiktok.com/api/v1/share/AKOPgAE8X0IE,,,,,,,,,,,
,https://p16-oec-sg.ibyteimg.com/tos-alisg-i-aphluv4xwc-sg/fc6ef0d9ad3f41648e18301697f9575c~tplv-aphluv4xwc-resize-jpeg:600:600.jpeg?dr=15584&from=520841845&idc=my&ps=933b5bde&shcp=6c17ea28&shp=1f0b6a75&t=555f072d,1734247891405670335,Panda's Select Shop,食品饮料,主食与烹饪调味,否,Premium Black Shirataki Rice-FDA Certified - Premium Organic Nutri shirataki Rice - Japan Healthy Rice - Carb Natural Sugar,4.8,24757,"₱152.72-₱2,707.26",https://affiliate.tiktok.com/api/v1/share/AKL2bacxdFLD,,,,,,,,,,,
,https://p16-oec-sg.ibyteimg.com/tos-alisg-i-aphluv4xwc-sg/2fe3681c2e7b4fe9a1f051a3208530f3~tplv-aphluv4xwc-resize-jpeg:600:600.jpeg?dr=15584&from=520841845&idc=my&ps=933b5bde&shcp=6c17ea28&shp=1f0b6a75&t=555f072d,1734616388699128995,JMCY Beauty,美妆个护,美妆,是,"【FDA Approved】JMCY Oil Control & Long-Lasting Setting Kit – Setting Spray + Powder, Minimize Pores",4.8,21722,₱279.00,https://affiliate.tiktok.com/api/v1/share/AL8r0hfTJV3e,,,,,,,,,,,
,https://p16-oec-sg.ibyteimg.com/tos-alisg-i-aphluv4xwc-sg/85e61ea5ee0a466daba9dba69eaf4a55~tplv-aphluv4xwc-resize-jpeg:600:600.jpeg?dr=15584&from=520841845&idc=my&ps=933b5bde&shcp=6c17ea28&shp=1f0b6a75&t=555f072d,1734309954243298706,greenmakes,美妆个护,美妆,否,OWEN JAMES Matte Mate lipstick -Waterproof & Hydrating & High pigment,4.7,20484,₱168.00,https://affiliate.tiktok.com/api/v1/share/AJyggDNqb2N5,,,,,,,,,,,
,https://p16-oec-sg.ibyteimg.com/tos-alisg-i-aphluv4xwc-sg/ec43148d7f3a41399a78601e800c52fc~tplv-aphluv4xwc-resize-jpeg:600:600.jpeg?dr=15584&from=520841845&idc=my&ps=933b5bde&shcp=6c17ea28&shp=1f0b6a75&t=555f072d,1735343927640425807,World Of Snacks 962,食品饮料,零食,否,ONLY Surprise Jelly beans and toys NINJA KING per pack Children's holiday gifts Birthday gifts,4.9,11987,₱199.00,https://affiliate.tiktok.com/api/v1/share/AKcK3kTkD1tV,,,,,,,,,,,
,https://p16-oec-sg.ibyteimg.com/tos-alisg-i-aphluv4xwc-sg/2ad4d942e02d4677a0244af44350bee3~tplv-aphluv4xwc-resize-jpeg:600:600.jpeg?dr=15584&from=520841845&idc=my&ps=933b5bde&shcp=6c17ea28&shp=1f0b6a75&t=555f072d,1735617895419905659,Sissy shoes,鞋靴,女鞋,否,Sissy Shoes Women's Ballet Style Mary Jane Clogs Summer EVA Soft Sole Anti-Slip Breathable Two Way Wear Slippers & Sandals Closed Toe Hollow Out Casual Footwear Girl,4.8,25962,₱184.32-₱189.51,https://affiliate.tiktok.com/api/v1/share/AL2TVwYI8nTt,,,,,,,,,,,
,https://p16-oec-sg.ibyteimg.com/tos-alisg-i-aphluv4xwc-sg/f806f4de6de642f4892cc8a84ad7c072~tplv-aphluv4xwc-resize-jpeg:600:600.jpeg?dr=15584&from=520841845&idc=my&ps=933b5bde&shcp=6c17ea28&shp=1f0b6a75&t=555f072d,1734633330334794784,SmartDevil.PH,手机与数码,手机配件,否,"SmartDevil Camera Lens Base Protector for iPhone 17 Pro Max / 17 Pro / 17 / 16 – Scratch-Resistant Protective Base Film, Full Coverage",4.8,37221,₱329.90-₱519.90,https://affiliate.tiktok.com/api/v1/share/AK2DjqmBSriR,,,,,,,,,,,
,https://p16-oec-sg.ibyteimg.com/tos-alisg-i-aphluv4xwc-sg/f5dad7864d814156b20a79608582f808~tplv-aphluv4xwc-resize-jpeg:600:600.jpeg?dr=15584&from=520841845&idc=my&ps=933b5bde&shcp=6c17ea28&shp=1f0b6a75&t=555f072d,1733037582654408640,skinavor PH,美妆个护,头部护理与造型,否,skinavor | Protein Vitamin C Color Fixing Smoothing Conditioner | 10 minute mircle combo | Soothing Care | Advanced Color Lock | Silky & Resilient,4.7,33506,₱258.00-₱439.00,https://affiliate.tiktok.com/api/v1/share/AJS1oozCwGub,,,,,,,,,,,
,https://p16-oec-sg.ibyteimg.com/tos-alisg-i-aphluv4xwc-sg/466901c3382f4c86af91f047393ce0f1~tplv-aphluv4xwc-resize-jpeg:600:600.jpeg?dr=15584&from=520841845&idc=my&ps=933b5bde&shcp=6c17ea28&shp=1f0b6a75&t=555f072d,1734230574713243221,Hued PH,美妆个护,头部护理与造型,是,[TOP PICKS] HUED Maxx Fixx Hair Styling Spray Strong Hold,4.7,36920,₱299.00,https://affiliate.tiktok.com/api/v1/share/AL2vLHoKVnRn,,,,,,,,,,,
,https://p16-oec-sg.ibyteimg.com/tos-alisg-i-aphluv4xwc-sg/f3e0aeaa5e034934bd9a4dceae6f1175~tplv-aphluv4xwc-resize-jpeg:600:600.jpeg?dr=15584&from=520841845&idc=my&ps=933b5bde&shcp=6c17ea28&shp=1f0b6a75&t=555f072d,1730937693652419597,JMCY Cosmetics,美妆个护,美妆,是,【BUY 1 TAKE 1】Hajie Alejandro Approved-JMCY JMCY 3D Shaping Eyebrow Pencil Ultra-Fine Tip Waterproof Smudge-Proof Long-Lasting Buildable Formula for Natural Defined Sculpted Flawless Brows with Effortless Application,4.8,192759,₱117.27,https://affiliate.tiktok.com/api/v1/share/ALGpP8TA1HoZ,,,,,,,,,,,
,https://p16-oec-sg.ibyteimg.com/tos-alisg-i-aphluv4xwc-sg/aab48e47c3144388a1c73d132416f9ab~tplv-aphluv4xwc-resize-jpeg:600:600.jpeg?dr=15584&from=520841845&idc=my&ps=933b5bde&shcp=6c17ea28&shp=1f0b6a75&t=555f072d,1731279272244184967,MAANGE Makeup,美妆个护,美妆,否,MAANGE 3 PCS Professional Makeup Brush Set Foundation Brush Blusher brush With Triangle Powder Puffs Soft Fiber Beauty Tool 51493,4.7,215476,₱158.90-₱397.60,https://affiliate.tiktok.com/api/v1/share/AJb3hosEKgDs,,,,,,,,,,,
,https://p16-oec-sg.ibyteimg.com/tos-alisg-i-aphluv4xwc-sg/ed3394bd64304c0586c8eac958a179f6~tplv-aphluv4xwc-resize-jpeg:600:600.jpeg?dr=15584&from=520841845&idc=my&ps=933b5bde&shcp=6c17ea28&shp=1f0b6a75&t=555f072d,1734614503693190157,JMCY Cosmetics,美妆个护,美妆,是,"【Setting Combo】JMCY Oil Control & Long-Lasting Setting Kit – Setting Spray + Powder, Minimize Pores",4.8,9830,₱279.00,https://affiliate.tiktok.com/api/v1/share/AL8rY7gFkFtk,,,,,,,,,,,
,https://p16-oec-sg.ibyteimg.com/tos-alisg-i-aphluv4xwc-sg/ecf0786017e54a95b0ae4147471819fc~tplv-aphluv4xwc-resize-jpeg:600:600.jpeg?dr=15584&from=520841845&idc=my&ps=933b5bde&shcp=6c17ea28&shp=1f0b6a75&t=555f072d,1730926947734029475,JMCY Beauty,美妆个护,美妆,是,【BUY 1 TAKE 1 &FDA Approved】JMCY Double Heads Eyebrow Pencil | Natural Waterproof Lasting Natural & Full Brows Eyebrow Pencil Eye Brow with Brush Makeup Cosmetic,4.8,32964,₱139.00,https://affiliate.tiktok.com/api/v1/share/AL8rDiq1aZah,,,,,,,,,,,
,https://p16-oec-sg.ibyteimg.com/tos-alisg-i-aphluv4xwc-sg/c9871a0941db4e84b606b8a2262b3cd1~tplv-aphluv4xwc-resize-jpeg:600:600.jpeg?dr=15584&from=520841845&idc=my&ps=933b5bde&shcp=6c17ea28&shp=1f0b6a75&t=555f072d,1731139529156560648,"SHEGLAM Store PH
",美妆个护,美妆,否,SHEGLAM Save It Laminating Brow Gel Long-Lasting Waterproof Brow Setter Perfect Eyebrow Lightweight,4.8,77959,₱199.00,https://affiliate.tiktok.com/api/v1/share/AKGkbK0pMG5D,,,,,,,,,,,
,https://p16-oec-sg.ibyteimg.com/tos-alisg-i-aphluv4xwc-sg/418710d3fc9247628807a3c1385bee5d~tplv-aphluv4xwc-resize-jpeg:600:600.jpeg?dr=15584&from=520841845&idc=my&ps=933b5bde&shcp=6c17ea28&shp=1f0b6a75&t=555f072d,1730577270945645748,SKINEVER PH,美妆个护,洗浴与身体护理,否,【Daily】| Buy 1 Take 1 | SKINEVER Water Light Body Brightening Sunscreen Lotion| Water Brightening | Protect Against UV Rays,4.6,511283,₱300.95-₱329.00,https://affiliate.tiktok.com/api/v1/share/AKoi7yAodA1Y,,,,,,,,,,,
,https://p16-oec-sg.ibyteimg.com/tos-alisg-i-aphluv4xwc-sg/b1dfed487d6049098b0fa9239090a707~tplv-aphluv4xwc-resize-jpeg:600:600.jpeg?dr=15584&from=520841845&idc=my&ps=933b5bde&shcp=6c17ea28&shp=1f0b6a75&t=555f072d,1730378488256366744,Dr.Flash-PH,美妆个护,美容、个护电器,否,"【Dr.Flash】 DR Flash hair dryer 110,000 spins high speed for fashion styling YL",4.8,63836,"₱999.00-₱1,339.00",https://affiliate.tiktok.com/api/v1/share/AIuOzEwMfNMm,,,,,,,,,,,
,https://p16-oec-sg.ibyteimg.com/tos-alisg-i-aphluv4xwc-sg/34a1016033414c28995f37e62d415c73~tplv-aphluv4xwc-resize-jpeg:600:600.jpeg?dr=15584&from=520841845&idc=my&ps=933b5bde&shcp=6c17ea28&shp=1f0b6a75&t=555f072d,1730492840913439612,Meniaoes Napkin Pants,美妆个护,女性私密处护理,否,"Meniaoes 1 Pack Link【5.5 Limited time price reduction】High elasticity close fitting menstrual pants with double leak proof edge separation, large 8-hour dry sanitary napkins, 360 ° leak proof sleeping pants Lightweight Gentle",4.8,157574,₱246.90,https://affiliate.tiktok.com/api/v1/share/AKX5gCS2C3tE,,,,,,,,,,,
,https://p16-oec-sg.ibyteimg.com/tos-alisg-i-aphluv4xwc-sg/c2331e5a49694c5c8e1fdd8abf95f863~tplv-aphluv4xwc-resize-jpeg:600:600.jpeg?dr=15584&from=520841845&idc=my&ps=933b5bde&shcp=6c17ea28&shp=1f0b6a75&t=555f072d,1729647611020872123,HODEKT Fam,美妆个护,美容、个护电器,否,Hodekt Wide Hair Straightener/Portable Mini Straightening Iron/ with Constant Temperature and 4 Levels Temperatures - Fast Heating,4.7,116139,₱359.00-₱499.00,https://affiliate.tiktok.com/api/v1/share/AKJn7M0JiXn2,,,,,,,,,,,
,https://p16-oec-sg.ibyteimg.com/tos-alisg-i-aphluv4xwc-sg/1fa3c78053c64773b8778cab6d95f7c3~tplv-aphluv4xwc-resize-jpeg:600:600.jpeg?dr=15584&from=520841845&idc=my&ps=933b5bde&shcp=6c17ea28&shp=1f0b6a75&t=555f072d,1730927369798255629,JMCY Cosmetics,美妆个护,美妆,是,"【BUY 1 TAKE 1】Hajie Alejandro Approved – JMCY Sweatproof Double-Headed Eyebrow Pencil – Ultra-Fine, Waterproof, Long-Lasting & 3D Definition",4.8,200282,₱129.00,https://affiliate.tiktok.com/api/v1/share/ALMySobXHfKA,,,,,,,,,,,
,https://p16-oec-sg.ibyteimg.com/tos-alisg-i-aphluv4xwc-sg/7a0b97c86cde4f53b625248f88ba2a9d~tplv-aphluv4xwc-resize-jpeg:600:600.jpeg?dr=15584&from=520841845&idc=my&ps=933b5bde&shcp=6c17ea28&shp=1f0b6a75&t=555f072d,1731831790309442956,shopwithbonita,美妆个护,洗浴与身体护理,否,BONITA Tawas Calamansi Persimmon Odor Eliminator + Whitening Soap 80g Natural Deodorant Bar Face & Body Pampaputi ng Kili-kili Niacinamide Brightening & Body Odor Solution Deodorize Antibacterial Daily Sensitive Cleanser Cleansing Skin Repair Smoother,4.7,1121327,₱69.00,https://affiliate.tiktok.com/api/v1/share/ALLYavwJNgTj,,,,,,,,,,,
,https://p16-oec-sg.ibyteimg.com/tos-alisg-i-aphluv4xwc-sg/7d0e00ccb71c42838a4cfb9ea27ecf4c~tplv-aphluv4xwc-resize-jpeg:600:600.jpeg?dr=15584&from=520841845&idc=my&ps=933b5bde&shcp=6c17ea28&shp=1f0b6a75&t=555f072d,1734363814108759053,JMCY Cosmetics,美妆个护,美妆,是,"【Hajie Alejandro Approved】JMCY Dual-Ended Water-to-Matte Lip Gloss – Lightweight, Long-Lasting, Smooth Velvet Matte Finish, Hydrating Non-Sticky Lip Color",4.8,6822,₱126.36,https://affiliate.tiktok.com/api/v1/share/ALGfKaQl35ED,,,,,,,,,,,
,https://p16-oec-sg.ibyteimg.com/tos-alisg-i-aphluv4xwc-sg/1a44c93231024dfdb1bf59e379731b32~tplv-aphluv4xwc-resize-jpeg:600:600.jpeg?dr=15584&from=520841845&idc=my&ps=933b5bde&shcp=6c17ea28&shp=1f0b6a75&t=555f072d,1735825639120471303,Pentavite Philippines,保健,保健食品,是,Pentavite Skin Wellness 3 X Bundle Deals Mix & Match: [3 Bundle] Collagen + Gluta + Niacinamide | FDA Approved 360° Brightening & Age-Defying Chewables,4.8,19991,₱899.00,https://affiliate.tiktok.com/api/v1/share/AKogspwj5EAx,,,,,,,,,,,
,https://p16-oec-sg.ibyteimg.com/tos-alisg-i-aphluv4xwc-sg/75fedd24cac54a4fbd242755e9ad684b~tplv-aphluv4xwc-resize-jpeg:600:600.jpeg?dr=15584&from=520841845&idc=my&ps=933b5bde&shcp=6c17ea28&shp=1f0b6a75&t=555f072d,1733204777633809571,JMCY Beauty,美妆个护,美妆,是,【FDA Approved】JMCY Double Heads Eyebrow Pencil | Natural Waterproof Lasting Natural & Full Brows Eyebrow Pencil Eye Brow with Brush Makeup Cosmetic,4.7,25555,₱89.00,https://affiliate.tiktok.com/api/v1/share/AL8rDiq2gtAH,,,,,,,,,,,
,https://p16-oec-sg.ibyteimg.com/tos-alisg-i-aphluv4xwc-sg/a73e1f479a304409869367bb46735b42~tplv-aphluv4xwc-resize-jpeg:600:600.jpeg?dr=15584&from=520841845&idc=my&ps=933b5bde&shcp=6c17ea28&shp=1f0b6a75&t=555f072d,1733487529191376035,JMCY Beauty,美妆个护,美妆,是,【BUY 1 TAKE 1 】JMCY Smooth Color-Lock Gel Eyeliner - Beginner-Friendly Ultra-Smooth Glide Waterproof Sweat-Resistant Smudge-Proof Long-Lasting Intense Color Pure White,4.8,111014,₱129.00,https://affiliate.tiktok.com/api/v1/share/AL8rCTXvvtoi,,,,,,,,,,,
,https://p16-oec-sg.ibyteimg.com/tos-alisg-i-aphluv4xwc-sg/afea3aa4af294cbfbe7b4ee78ad8f02d~tplv-aphluv4xwc-resize-jpeg:600:600.jpeg?dr=15584&from=520841845&idc=my&ps=933b5bde&shcp=6c17ea28&shp=1f0b6a75&t=555f072d,1734438668149556237,JMCY Cosmetics,美妆个护,美妆,是,"【Lenie’s Top Pick】JMCY Long-Lasting Makeup Setting Spray 100ml 24 Hour Hold, Sweat-Proof & Shine Control with SPF25 PA++",4.8,238650,₱135.45-₱319.00,https://affiliate.tiktok.com/api/v1/share/ALGHOtYE2sJb,,,,,,,,,,,
,https://p16-oec-sg.ibyteimg.com/tos-alisg-i-aphluv4xwc-sg/772faf789db54b1e99434c06dd228f7e~tplv-aphluv4xwc-resize-jpeg:600:600.jpeg?dr=15584&from=520841845&idc=my&ps=933b5bde&shcp=6c17ea28&shp=1f0b6a75&t=555f072d,1732303484092515491,JMCY Beauty,美妆个护,美妆,是,【Makeup Artist Approved】JMCY Stay Curl Mascara Long Lasting Curl and Lift Waterproof Smudge Proof Lightweight Volumizing Mascara with Precision Brush for Asian Lashes All Day Hold Makeup Cosmetic 01-Black,4.8,367193,₱112.18,https://affiliate.tiktok.com/api/v1/share/AL8qo8mT5fh0,,,,,,,,,,,
,https://p16-oec-sg.ibyteimg.com/tos-alisg-i-aphluv4xwc-sg/4a18058ee41042308da501d27739ddbf~tplv-aphluv4xwc-resize-jpeg:600:600.jpeg?dr=15584&from=520841845&idc=my&ps=933b5bde&shcp=6c17ea28&shp=1f0b6a75&t=555f072d,1732478052121872280,DAZZLE ME PHILIPPINES,美妆个护,美妆,是,BESTSELLER! | DAZZLE ME Cover Me Serum Concealer Duo | Non Cakey Long Lasting High Coverage Concealer,4.8,85855,₱199.00,https://affiliate.tiktok.com/api/v1/share/AL2IbltnSw2q,,,,,,,,,,,
,https://p16-oec-sg.ibyteimg.com/tos-alisg-i-aphluv4xwc-sg/f22826e726ad43a0b2a0ff90cfd3bbc8~tplv-aphluv4xwc-resize-jpeg:600:600.jpeg?dr=15584&from=520841845&idc=my&ps=933b5bde&shcp=6c17ea28&shp=1f0b6a75&t=555f072d,1730508889246304658,Paileesha Hygienic Pants,美妆个护,女性私密处护理,否,1 package link【PAILEESHA Overnight Pants—Silk & Hyaluronic Acid for Gentle Care】sanitary napkins at pants brand genuine direct sales sanitary napkins menstrual pants disposable sanitary pants upgraded side leak proof Gentle Lightweight Pack,4.8,395412,₱140.31-₱150.00,https://affiliate.tiktok.com/api/v1/share/AKX7A3rmygnq,,,,,,,,,,,
,https://p16-oec-sg.ibyteimg.com/tos-alisg-i-aphluv4xwc-sg/7f5c4365de974d87bd9f76bc532f7862~tplv-aphluv4xwc-resize-jpeg:600:600.jpeg?dr=15584&from=520841845&idc=my&ps=933b5bde&shcp=6c17ea28&shp=1f0b6a75&t=555f072d,1730956185230083967,ELYZZA,美妆个护,眼镜耳朵护理,否,"[SHIP IN 24 HRS] Elyzza Animal-Inspired Glue-Free Lashes No Need Glue Reusable Eyelash Extension– Lambkin, Hamster, Birdie, 10-12mm Doggy 9-11mm, Foxy, Kitten 9-13mm, Rabbit LC Curl, Natural Self-Adhesive",4.7,628733,₱117.26-₱162.73,https://affiliate.tiktok.com/api/v1/share/AKr4AiscPdHP,,,,,,,,,,,
,https://p16-oec-sg.ibyteimg.com/tos-alisg-i-aphluv4xwc-sg/511bdfc805d7450c8e513b86cca7cff8~tplv-aphluv4xwc-resize-jpeg:600:600.jpeg?dr=15584&from=520841845&idc=my&ps=933b5bde&shcp=6c17ea28&shp=1f0b6a75&t=555f072d,1729398470932467131,HODEKT Fam,美妆个护,美容、个护电器,否,Get Salon Curls at Home! HODEKT 32MM Auto Curler | Fast Heating | Long-Lasting Waves | Safe Anti-Burn,4.8,174105,₱541.98-₱652.67,https://affiliate.tiktok.com/api/v1/share/AKmKEl6Qc09L,,,,,,,,,,,
,https://p16-oec-sg.ibyteimg.com/tos-alisg-i-aphluv4xwc-sg/7c599713143142ac998c32c38364b35d~tplv-aphluv4xwc-resize-jpeg:600:600.jpeg?dr=15584&from=520841845&idc=my&ps=933b5bde&shcp=6c17ea28&shp=1f0b6a75&t=555f072d,1730928373113914381,JMCY Cosmetics,美妆个护,美妆,是,【FDA Approved】 JMCY Long-lasting Waterproof & Sweatproof Blade-tip Eyebrow Pencil – Rotating Core Herbal-infused Formula Smudge-proof Precision Brow Shaping Makeup & Care in One,4.8,93340,₱53.64,https://affiliate.tiktok.com/api/v1/share/AL8rTwzXOs4A,,,,,,,,,,,
,https://p16-oec-sg.ibyteimg.com/tos-alisg-i-aphluv4xwc-sg/571320d5924b49df83c1ad26ef1378c7~tplv-aphluv4xwc-resize-jpeg:600:600.jpeg?dr=15584&from=520841845&idc=my&ps=933b5bde&shcp=6c17ea28&shp=1f0b6a75&t=555f072d,1734534374034736501,REJURAN COSMETICS PHILIPPINES,美妆个护,美容护肤,是,[REJURAN OFFICIAL] Dual Effect Ampoule - Olive Young Skin Rejuvenation Amouple 30ml/50ml,4.8,15651,"₱2,077.00-₱3,003.00",https://affiliate.tiktok.com/api/v1/share/AKWvKNZeAzPE,,,,,,,,,,,
,https://p16-oec-sg.ibyteimg.com/tos-alisg-i-aphluv4xwc-sg/b151357dc543404693529b75afd1aadc~tplv-aphluv4xwc-resize-jpeg:600:600.jpeg?dr=15584&from=520841845&idc=my&ps=933b5bde&shcp=6c17ea28&shp=1f0b6a75&t=555f072d,1732320159214831581,Mlen beauty shop,美妆个护,美妆,否,"【Local Shipping】Mlen Diary Dual-Headed Eyebrow Razor, Safe, Portable, Recommended for Beginners, Boys and Girls",4.8,57398,₱99.00-₱159.00,https://affiliate.tiktok.com/api/v1/share/AJGpHO0jJiBj,,,,,,,,,,,
,https://p16-oec-sg.ibyteimg.com/tos-alisg-i-aphluv4xwc-sg/10267080744d497c9bfa792569ccd8f3~tplv-aphluv4xwc-resize-jpeg:600:600.jpeg?dr=15584&from=520841845&idc=my&ps=933b5bde&shcp=6c17ea28&shp=1f0b6a75&t=555f072d,1736526105684903268,Nature Market,食品饮料,即食食品,否,Chia Seeds Rolled Oats Oatmeal with Yogurt Fruits Nuts | High Protein Fiber Breakfast Cereal | Low Sugar Diet Snack 208g/80g flaxseed meal,4.6,5820,₱77.99-₱329.94,https://affiliate.tiktok.com/api/v1/share/ALNhFYlAstcF,,,,,,,,,,,
,https://p16-oec-sg.ibyteimg.com/tos-alisg-i-aphluv4xwc-sg/43504a0a9df6468ab000cf4f3486dcae~tplv-aphluv4xwc-resize-jpeg:600:600.jpeg?dr=15584&from=520841845&idc=my&ps=933b5bde&shcp=6c17ea28&shp=1f0b6a75&t=555f072d,1729396069769514200,Curls By Zenutrients,美妆个护,头部护理与造型,否,"Curls by Zenutrients Avocado and Tea Tree Protein-Free Leave-In Conditioner 100mL & 200mL (Curl Define, Anti Frizz, Moisturize & CGM, Haircare)",4.8,379929,"₱160.00-₱1,399.00",https://affiliate.tiktok.com/api/v1/share/AKxLFF50fUlf,,,,,,,,,,,
,https://p16-oec-sg.ibyteimg.com/tos-alisg-i-aphluv4xwc-sg/8cd2963dfc9143e5ad9c59194eccb2ba~tplv-aphluv4xwc-resize-jpeg:600:600.jpeg?dr=15584&from=520841845&idc=my&ps=933b5bde&shcp=6c17ea28&shp=1f0b6a75&t=555f072d,1734354182217040909,JMCY Cosmetics,美妆个护,美妆,是,【Hajie Alejandro Approved】JMCY Waterproof & Long-Lasting Brow Tint | 9 Shades Available,4.7,24876,₱139.00,https://affiliate.tiktok.com/api/v1/share/ALPQRj9WDvci,,,,,,,,,,,
,https://p16-oec-sg.ibyteimg.com/tos-alisg-i-aphluv4xwc-sg/d5206d372df646399365d02ea882a74d~tplv-aphluv4xwc-resize-jpeg:600:600.jpeg?dr=15584&from=520841845&idc=my&ps=933b5bde&shcp=6c17ea28&shp=1f0b6a75&t=555f072d,1736892080172532945,Romand Philippines Store,美妆个护,美妆,是,rom&nd THE JUICY LASTING TINT | Glossy Hydrating Lip Tint | Long-Lasting & Moisturizing,4.8,13762,₱396.00,https://affiliate.tiktok.com/api/v1/share/ALNwCLneZZk2,,,,,,,,,,,
,https://p16-oec-sg.ibyteimg.com/tos-alisg-i-aphluv4xwc-sg/161b74288333498785b4788a06b3bf03~tplv-aphluv4xwc-resize-jpeg:600:600.jpeg?dr=15584&from=520841845&idc=my&ps=933b5bde&shcp=6c17ea28&shp=1f0b6a75&t=555f072d,1735466509838223288,Youthology,美妆个护,头部护理与造型,否,"Youthology Oil Control Anti-Dandruff Shampoo 200g – Tanggal ang balakubak, balanseng anit, preskong pakiramdam buong araw",4.7,17739,₱150.00-₱399.00,https://affiliate.tiktok.com/api/v1/share/AKdlHKarnQHx,,,,,,,,,,,
,https://p16-oec-sg.ibyteimg.com/tos-alisg-i-aphluv4xwc-sg/71de457be3a1468c9bf4d7dd3f7b5210~tplv-aphluv4xwc-resize-jpeg:600:600.jpeg?dr=15584&from=520841845&idc=my&ps=933b5bde&shcp=6c17ea28&shp=1f0b6a75&t=555f072d,1735260486336874248,SHEGLAM Store PH,美妆个护,美妆,否,SHEGLAM Insta-Ready Sunset Blur Setting Powder,4.7,5883,₱359.00,https://affiliate.tiktok.com/api/v1/share/ALLLefoMVtUu,,,,,,,,,,,
,https://p16-oec-sg.ibyteimg.com/tos-alisg-i-aphluv4xwc-sg/204788face444edab0868ec96c587929~tplv-aphluv4xwc-resize-jpeg:600:600.jpeg?dr=15584&from=520841845&idc=my&ps=933b5bde&shcp=6c17ea28&shp=1f0b6a75&t=555f072d,1735808436402881630,Magister Contact lens,美妆个护,眼镜耳朵护理,否,"【 Full Coverage Design】 Magister Contact Lens Lumina Series Honey Coco/ Ice Brew Graded 0.0~-8.0 DIA 14.5mm Doll eyes Colored Contact Lenses Semi-Annual Disposable Perfect for Makeup, Party, Wedding, School & Work",4.8,26616,₱135.50-₱308.49,https://affiliate.tiktok.com/api/v1/share/ALQBQzpdCtrY,,,,,,,,,,,
,https://p16-oec-sg.ibyteimg.com/tos-alisg-i-aphluv4xwc-sg/b8fed3f190f041e5bf1a14adcb5c0abd~tplv-aphluv4xwc-resize-jpeg:600:600.jpeg?dr=15584&from=520841845&idc=my&ps=933b5bde&shcp=6c17ea28&shp=1f0b6a75&t=555f072d,1731419234338440379,Neulight Shop,食品饮料,主食与烹饪调味,否,Susan Baker Vegetable Oil 500ml/1L/2L/3L – Multi-Purpose Healthy Cooking Oil for Home & Commercial Use,4.8,10701,₱108.15-₱563.85,https://affiliate.tiktok.com/api/v1/share/AL9Rvr5hd41O,,,,,,,,,,,
,https://p16-oec-sg.ibyteimg.com/tos-alisg-i-aphluv4xwc-sg/faff6608a0ab4bc193fd7abfb05692f2~tplv-aphluv4xwc-resize-jpeg:600:600.jpeg?dr=15584&from=520841845&idc=my&ps=933b5bde&shcp=6c17ea28&shp=1f0b6a75&t=555f072d,1734453393365436351,Panda's Select Shop,食品饮料,零食,否,"ROASTED/RAW SKINLESS PEANUTS (OIL-FREE, UNSALTED, WHOLE) 250G, 500G, 1KG",4.7,57570,₱63.99-₱494.00,https://affiliate.tiktok.com/api/v1/share/AKL2dya524ph,,,,,,,,,,,
,https://p16-oec-sg.ibyteimg.com/tos-alisg-i-aphluv4xwc-sg/cad9ce2996bf4dc68895823900934cc0~tplv-aphluv4xwc-resize-jpeg:600:600.jpeg?dr=15584&from=520841845&idc=my&ps=933b5bde&shcp=6c17ea28&shp=1f0b6a75&t=555f072d,1732304058097304739,JMCY Beauty,美妆个护,美妆,是,"【Makeup Artist Approved】JMCY Four-Color Contour Palette – Multi-Use Contour & Highlight, Sculpt, Define, Natural Soft Glow for Asian Skin Bronzer Makeup",4.7,67001,₱199.00,https://affiliate.tiktok.com/api/v1/share/AL8rCTXtjRWG,,,,,,,,,,,
,https://p16-oec-sg.ibyteimg.com/tos-alisg-i-aphluv4xwc-sg/b012b0a0d9294fb38e566ce8e5ca812f~tplv-aphluv4xwc-resize-jpeg:600:600.jpeg?dr=15584&from=520841845&idc=my&ps=933b5bde&shcp=6c17ea28&shp=1f0b6a75&t=555f072d,1731908969756591348,Bofei-Olyhealth,运动与户外,健身设备,否,8 In 1 Dumbbell Set Adjustable 10~45Kg Dumbell Set Exercise Gym Equipment Workout (Free Gloves) bramble,4.6,76454,"₱212.00-₱1,765.00",https://affiliate.tiktok.com/api/v1/share/ALAHGIW6zPig,,,,,,,,,,,
,https://p16-oec-sg.ibyteimg.com/tos-alisg-i-aphluv4xwc-sg/bcc25285a208495981636d451710ea99~tplv-aphluv4xwc-resize-jpeg:600:600.jpeg?dr=15584&from=520841845&idc=my&ps=933b5bde&shcp=6c17ea28&shp=1f0b6a75&t=555f072d,1735772542413735021,Teashell Philippines,美妆个护,洗浴与身体护理,是,【Lenie’s Top Pick】Teashell Brightening Soap & Niacinamide Serum Set Fade Dark Spots Acne Marks Dull Yellow Skin Full Body Whitening Oil Control Skincare Bundle,4.7,57177,₱199.09,https://affiliate.tiktok.com/api/v1/share/ALDTnyYUHmC0,,,,,,,,,,,
,https://p16-oec-sg.ibyteimg.com/tos-alisg-i-aphluv4xwc-sg/8d493f02c0174bbd95f8b9736c0d48e5~tplv-aphluv4xwc-resize-jpeg:600:600.jpeg?dr=15584&from=520841845&idc=my&ps=933b5bde&shcp=6c17ea28&shp=1f0b6a75&t=555f072d,1729636654275726063,GeminiHome.ph,家装建材,建筑用品,否,"3D Linen Wall Panels Roll 250*50cm Texture PVC Foam-Peel and Stick Fabric Wallpaper Waterproof, Soundproof, Moisture-Proof Insulation Thick Removable Modern Wallpaper Self-Adhesive Wallpaper Grasscloth Linen Textured Cream for Bedroom & Living Room Decor",4.6,436268,₱101.89-₱354.00,https://affiliate.tiktok.com/api/v1/share/ALNJa0Kadr9E,,,,,,,,,,,
,https://p16-oec-sg.ibyteimg.com/tos-alisg-i-aphluv4xwc-sg/d31d00e77a4f4ce7810e1ca7dc1fe91e~tplv-aphluv4xwc-resize-jpeg:600:600.jpeg?dr=15584&from=520841845&idc=my&ps=933b5bde&shcp=6c17ea28&shp=1f0b6a75&t=555f072d,1732911664303342755,JMCY Beauty,美妆个护,美妆,是,"【Makeup Artist Approved】JMCY Waterproof Gel Eyeliner – Smooth Color-Lock, Smudge-Proof, Long-Lasting, Easy to Apply Lipliner Makeup",4.7,325138,₱68.70,https://affiliate.tiktok.com/api/v1/share/AL8qnWORlrtl,,,,,,,,,,,
,https://p16-oec-sg.ibyteimg.com/tos-alisg-i-aphluv4xwc-sg/a777f0e407304a0ca2b3fc912fc06435~tplv-aphluv4xwc-resize-jpeg:600:600.jpeg?dr=15584&from=520841845&idc=my&ps=933b5bde&shcp=6c17ea28&shp=1f0b6a75&t=555f072d,1737107501706413394,Teashell PH Skincare,美妆个护,美容护肤,是,"【Dr Krizzle’s Top Pick】Teashell 4-in-1 Niacinamide Brightening Cream 50ml – Face & Body Moisturizer, Dark Spot & Uneven Skin Tone Care, Hydrating & Barrier Repair with Tranexamic Acid, Alpha-Arbutin, 3X Ceramides & Panthenol",4.8,11731,₱89.00-₱199.13,https://affiliate.tiktok.com/api/v1/share/ALQFrfNSCVYn,,,,,,,,,,,
,https://p16-oec-sg.ibyteimg.com/tos-alisg-i-aphluv4xwc-sg/4cf159b59ea94fada464886b3b9dfaf4~tplv-aphluv4xwc-resize-jpeg:600:600.jpeg?dr=15584&from=520841845&idc=my&ps=933b5bde&shcp=6c17ea28&shp=1f0b6a75&t=555f072d,1736106605952992771,Washoo,美妆个护,洗浴与身体护理,否,"Washoo 100g Men's whitening soap，Fragrance soap Oil control and acne removal, Moisturizing skin Body Care",4.6,14758,₱99.00-₱199.00,https://affiliate.tiktok.com/api/v1/share/AKrjedJZGD6W,,,,,,,,,,,
,https://p16-oec-sg.ibyteimg.com/tos-alisg-i-aphluv4xwc-sg/8242b417c31d450b9427fb9d98cd772e~tplv-aphluv4xwc-resize-jpeg:600:600.jpeg?dr=15584&from=520841845&idc=my&ps=933b5bde&shcp=6c17ea28&shp=1f0b6a75&t=555f072d,1735324514896872477,FOCALLURE.PH,美妆个护,美妆,否,【Clearance Sale】FOCALLURE Upgraded Watery Velvet Tint 8H Long Wear Moist Velvety Finish,4.7,5643,₱99.00-₱139.00,https://affiliate.tiktok.com/api/v1/share/ALILmafBXuMU,,,,,,,,,,,
,https://p16-oec-sg.ibyteimg.com/tos-alisg-i-aphluv4xwc-sg/d978eca09b6b4694af40235b70ec144a~tplv-aphluv4xwc-resize-jpeg:600:600.jpeg?dr=15584&from=520841845&idc=my&ps=933b5bde&shcp=6c17ea28&shp=1f0b6a75&t=555f072d,1735860631633954428,cocofood-Mindanao,食品饮料,饮料,否,"【BUY 1 TAKE 1】COCO KING Nata De Coco Drink 450g | Lychee, Strawberry & Grape | Refreshing Coconut Jelly Fruit Drink | Delicious Chilled Beverage for Family, School & Office | TikTok Shop Exclusive | Ships from Mindanao",4.8,6647,₱85.00,https://affiliate.tiktok.com/api/v1/share/ALNKCtDbUccV,,,,,,,,,,,
,https://p16-oec-sg.ibyteimg.com/tos-alisg-i-aphluv4xwc-sg/b36ccf36435742d9b6f7b6f91b571388~tplv-aphluv4xwc-resize-jpeg:600:600.jpeg?dr=15584&from=520841845&idc=my&ps=933b5bde&shcp=6c17ea28&shp=1f0b6a75&t=555f072d,1734648744499250339,JMCY Beauty,美妆个护,美妆,是,"【FDA Approved】JMCY Dual-Ended Water-to-Matte Lip Gloss – Lightweight, Long-Lasting, Smooth Velvet Matte Finish, Hydrating Non-Sticky Lip Color",4.8,7629,₱139.00,https://affiliate.tiktok.com/api/v1/share/AL8qzG7bWPI5,,,,,,,,,,,
,https://p16-oec-sg.ibyteimg.com/tos-alisg-i-aphluv4xwc-sg/e8443440aa6341f0be9107d8ccc3d7eb~tplv-aphluv4xwc-resize-jpeg:600:600.jpeg?dr=15584&from=520841845&idc=my&ps=933b5bde&shcp=6c17ea28&shp=1f0b6a75&t=555f072d,1736279035468940684,shopwithbonita,美妆个护,洗浴与身体护理,否,"BUY 1 GET 1 BONITA Tawas Kili-Kili Bundle | Tawas Niacinamide 5-in-1 Underarm Brightening Deo Cream 30g + Tawas Calamansi Persimmon Soap Bar 80g | Odor Control, Pampaputi ng Kili-Kili, Body care, Deodorant, Cleanser, non-sticky dark Cleansing, Moisturizer",4.7,9425,₱288.00,https://affiliate.tiktok.com/api/v1/share/ALLKRzMv3AQj,,,,,,,,,,,
,https://p16-oec-sg.ibyteimg.com/tos-alisg-i-aphluv4xwc-sg/26127b78d7864f34a73a08caec31da90~tplv-aphluv4xwc-resize-jpeg:600:600.jpeg?dr=15584&from=520841845&idc=my&ps=933b5bde&shcp=6c17ea28&shp=1f0b6a75&t=555f072d,1735542143259215233,YOTO SHOES,鞋靴,女鞋,否,YOTO H-Strap Flat Leather Slide Sandals for Women Summer Soft Sole Beach Shoes Comfortable Outdoor Slide,4.9,10355,₱379.00,https://affiliate.tiktok.com/api/v1/share/AL3j4QWzyj3N,,,,,,,,,,,
,https://p16-oec-sg.ibyteimg.com/tos-alisg-i-aphluv4xwc-sg/9111bd47810c42eaae9cfa8d294f72f1~tplv-aphluv4xwc-resize-jpeg:600:600.jpeg?dr=15584&from=520841845&idc=my&ps=933b5bde&shcp=6c17ea28&shp=1f0b6a75&t=555f072d,1731121026901968648,SHEGLAM Store PH,美妆个护,美妆,否,SHEGLAM Save It Laminating 3-In-1 Brow Gel Long-Lasting Waterproof Brow Setter Perfect Eyebrow Lightweight,4.8,481787,₱199.00,https://affiliate.tiktok.com/api/v1/share/AKETISUdrMi2,,,,,,,,,,,
,https://p16-oec-sg.ibyteimg.com/tos-alisg-i-aphluv4xwc-sg/686e09bed4564a7185c0b20ce3949fe5~tplv-aphluv4xwc-resize-jpeg:600:600.jpeg?dr=15584&from=520841845&idc=my&ps=933b5bde&shcp=6c17ea28&shp=1f0b6a75&t=555f072d,1730679924066388418,Sip2Glow PH,保健,保健食品,否,"【 Sip2Glow 】Advanced Collagen Drink with Korean Collagen Tripeptide, GABA & Vitamin C | Passion Fruit | Mango | Lychee | Health & Beauty | Anti-Aging | Ready-To-Sip Supplement for Skin, Hair, Nails & Joint Health",4.9,42031,₱374.00,https://affiliate.tiktok.com/api/v1/share/ALSsfHDkzTBh,,,,,,,,,,,
,https://p16-oec-sg.ibyteimg.com/tos-alisg-i-aphluv4xwc-sg/e6e1afc2b4424cdbbe17d6a34d39b1c0~tplv-aphluv4xwc-resize-jpeg:600:600.jpeg?dr=15584&from=520841845&idc=my&ps=933b5bde&shcp=6c17ea28&shp=1f0b6a75&t=555f072d,1729818268486371508,SKINEVER PH,美妆个护,洗浴与身体护理,否,【Daily】| Buy 1 Take 1 | SKINEVER WATER LIGHT Body Brightening Sunscreen Lotion（For Dark Skin) | for dark skin | UV protection | Brightening | Vitamin C,4.7,20879,₱329.00,https://affiliate.tiktok.com/api/v1/share/AKoi7xuq8xvb,,,,,,,,,,,
,https://p16-oec-sg.ibyteimg.com/tos-alisg-i-aphluv4xwc-sg/b9dc576f9c1d4982ad48ba52a92fc8ec~tplv-aphluv4xwc-resize-jpeg:600:600.jpeg?dr=15584&from=520841845&idc=my&ps=933b5bde&shcp=6c17ea28&shp=1f0b6a75&t=555f072d,1736404244512670997,BC Home,居家日用,装饰,否,[Buy 1 Take 1] Smokeless Jelly Candle Long Lasting Glass Gel Candle COD (S M L XL XXL),4.5,33303,₱78.99-₱258.99,https://affiliate.tiktok.com/api/v1/share/ALOGe65tEd8O,,,,,,,,,,,
,https://p16-oec-sg.ibyteimg.com/tos-alisg-i-aphluv4xwc-sg/426fc7c1a8ae443c80b189fde2517951~tplv-aphluv4xwc-resize-jpeg:600:600.jpeg?dr=15584&from=520841845&idc=my&ps=933b5bde&shcp=6c17ea28&shp=1f0b6a75&t=555f072d,1731192891604436405,NIUMO Digital-PH,手机与数码,手机配件,否,【24h Ship】NIUMO 4 in 1 LED Fast Charging Cable 240W 1.2M Multifunction Alloy USB Type-C Lightning Port Super Fast Charging for iPhone and Android,4.4,73414,₱129.00,https://affiliate.tiktok.com/api/v1/share/ALPRdXWskrTk,,,,,,,,,,,
,https://p16-oec-sg.ibyteimg.com/tos-alisg-i-aphluv4xwc-sg/e6a258d412694820b161bef7994eb73f~tplv-aphluv4xwc-resize-jpeg:600:600.jpeg?dr=15584&from=520841845&idc=my&ps=933b5bde&shcp=6c17ea28&shp=1f0b6a75&t=555f072d,1729698334612031668,SKINEVER PH,美妆个护,洗浴与身体护理,否,【Daily】| Buy 1 Take 1 | SKINEVER Deodorant Brightening Underarm Cream | Evens Underarm Skin Tone | brightening,4.7,110862,₱217.15-₱274.29,https://affiliate.tiktok.com/api/v1/share/ALAu4q4lCwyB,,,,,,,,,,,
,https://p16-oec-sg.ibyteimg.com/tos-alisg-i-aphluv4xwc-sg/e6203fe6d9844122be6ccd354960236d~tplv-aphluv4xwc-resize-jpeg:600:600.jpeg?dr=15584&from=520841845&idc=my&ps=933b5bde&shcp=6c17ea28&shp=1f0b6a75&t=555f072d,1734683948350211235,JMCY Beauty,美妆个护,美妆,是,"【Makeup Artist Approved】JMCY Dual End Blade Eyebrow Pencil, Precision Blade Tip & Spiral Brow Brush, Waterproof Sweatproof Long Lasting Brow Pen, Herbal Infused Create Realistic Hair-Like Natural Brows, 5 Shades for All Hair Colors",4.8,126341,₱59.00,https://affiliate.tiktok.com/api/v1/share/AL8qzGhyvZLB,,,,,,,,,,,
,https://p16-oec-sg.ibyteimg.com/tos-alisg-i-aphluv4xwc-sg/784e5e14f1274150888b53e4b8a2ec50~tplv-aphluv4xwc-resize-jpeg:600:600.jpeg?dr=15584&from=520841845&idc=my&ps=933b5bde&shcp=6c17ea28&shp=1f0b6a75&t=555f072d,1730844716602197110,COSOVA,家具,室内家具,否,COSOVA 【Cloud 】10-Year Warranty! 100% Brand New 8.1-inch High Quality Double Coil Spring Mattress in Single/Double/Queen/King - Classic Comfort for Your FamilyD,4.8,82216,"₱4,518.27-₱12,682.70",https://affiliate.tiktok.com/api/v1/share/ALNwwWofkMmX,,,,,,,,,,,
,https://p16-oec-sg.ibyteimg.com/tos-alisg-i-aphluv4xwc-sg/ec576bc1b13d436bb23aedb3087f07f9~tplv-aphluv4xwc-resize-jpeg:600:600.jpeg?dr=15584&from=520841845&idc=my&ps=933b5bde&shcp=6c17ea28&shp=1f0b6a75&t=555f072d,1735125988129080333,JMCY Cosmetics,美妆个护,美妆,是,【Glow Lock Combo】JMCY Setting Spray & Liquid Blush Makeup Combo | One Stick Full Makeup Kit,4.8,45061,₱209.00,https://affiliate.tiktok.com/api/v1/share/AL8rUBDgqMF8,,,,,,,,,,,
,https://p16-oec-sg.ibyteimg.com/tos-alisg-i-aphluv4xwc-sg/3b317ad3d51f48cbb5b2a0edc4431951~tplv-aphluv4xwc-resize-jpeg:600:600.jpeg?dr=15584&from=520841845&idc=my&ps=933b5bde&shcp=6c17ea28&shp=1f0b6a75&t=555f072d,1729632331629431699,Mahal Home store,居家日用,家居收纳,否,"10PCS Stainless Steel Clothes Hangers, Non-Slip Rubber Coated Metal Hanger, Space Saving Anti-Rust Hangers for Shirts Dresses Bras Towels Closet Organizer",4.8,577619,₱50.00-₱66.76,https://affiliate.tiktok.com/api/v1/share/ALLyjqBWWHPm,,,,,,,,,,,
,https://p16-oec-sg.ibyteimg.com/tos-alisg-i-aphluv4xwc-sg/6a8ed0bdae4145009c7d75a0b111ae0e~tplv-aphluv4xwc-resize-jpeg:600:600.jpeg?dr=15584&from=520841845&idc=my&ps=933b5bde&shcp=6c17ea28&shp=1f0b6a75&t=555f072d,1737140302107935750,cocofood,食品饮料,零食,否,COCO Japanese peanuts Garlic flavor Pack - 500g - Perfect for Party Catch-up Share snacks,4.8,9562,₱135.00,https://affiliate.tiktok.com/api/v1/share/ALM1Qd4wDRQS,,,,,,,,,,,
,https://p16-oec-sg.ibyteimg.com/tos-alisg-i-aphluv4xwc-sg/ca703b65ac2146f6af1f1bbb2e6c7976~tplv-aphluv4xwc-resize-jpeg:600:600.jpeg?dr=15584&from=520841845&idc=my&ps=933b5bde&shcp=6c17ea28&shp=1f0b6a75&t=555f072d,1734824268628460615,AZTK PH,美妆个护,美妆,否,"【AZTK&allaboutdioza】AZTK CANDY FLOSS DOUBLE TOUCH LIPGLOSS — Long-Lasting, Matte, Non-Transfer, Fade-Resistant Nude Lipstick for a Brightening Effect 1.7g + 1.7ml",4.7,7157,₱269.99,https://affiliate.tiktok.com/api/v1/share/AKB425NMFtcG,,,,,,,,,,,
,https://p16-oec-sg.ibyteimg.com/tos-alisg-i-aphluv4xwc-sg/f2cd1d9cf3984b0ba0cab40e33bd9405~tplv-aphluv4xwc-resize-jpeg:600:600.jpeg?dr=15584&from=520841845&idc=my&ps=933b5bde&shcp=6c17ea28&shp=1f0b6a75&t=555f072d,1735338631022216205,JMCY Cosmetics,美妆个护,美妆,是,【NEW】JMCY VE Cleansing Balm 3S Melt Dual-Phase Gentle Makeup Remover Balm | Hydrating Soothing Blackhead Reducing Deep Cleanser,4.9,6610,₱199.00,https://affiliate.tiktok.com/api/v1/share/AKrE6UnzsUTm,,,,,,,,,,,
,https://p16-oec-sg.ibyteimg.com/tos-alisg-i-aphluv4xwc-sg/59c10f46ee3a40779eeca6fb25c32d30~tplv-aphluv4xwc-resize-jpeg:600:600.jpeg?dr=15584&from=520841845&idc=my&ps=933b5bde&shcp=6c17ea28&shp=1f0b6a75&t=555f072d,1736403642226083331,Washoo,美妆个护,洗浴与身体护理,否,"Washoo Sulfur 3-in-1 Hair, Face & Body Wash – Deep Cleansing, Helps Reduce Mites, Back & Body Acne Care, Smooths Rough & Bumpy Skin, Long-Lasting Oil Control, Gentle Moisturizing Formula for Sensitive Skin, Men & Women, 300ml – Healthy Skin Starts Here!",4.7,5862,₱199.00-₱439.00,https://affiliate.tiktok.com/api/v1/share/AL0qSBWYdzik,,,,,,,,,,,
,https://p16-oec-sg.ibyteimg.com/tos-alisg-i-aphluv4xwc-sg/b20a2fa45b0d434d9cfff31657729a8b~tplv-aphluv4xwc-resize-jpeg:600:600.jpeg?dr=15584&from=520841845&idc=my&ps=933b5bde&shcp=6c17ea28&shp=1f0b6a75&t=555f072d,1734376599171073420,shopwithbonita,美妆个护,美容护肤,否,"Bonita 8x White Boost Underarm Toner 125mL | Niacinamide + Glycolic Acid Brightening Deodorant Toner | Dark Spot Corrector, Odor Control, Smooth & Plump Whitening Kili-Kili Care with Aloe & Hyaluronic Acid 125ml Organic Brightening Skin Repair",4.8,33325,₱180.91,https://affiliate.tiktok.com/api/v1/share/ALLKL9U2vOM6,,,,,,,,,,,
,https://p16-oec-sg.ibyteimg.com/tos-alisg-i-aphluv4xwc-sg/f6a88b5cf7954b019ae59705919aa84b~tplv-aphluv4xwc-resize-jpeg:600:600.jpeg?dr=15584&from=520841845&idc=my&ps=933b5bde&shcp=6c17ea28&shp=1f0b6a75&t=555f072d,1730860031427773453,JMCY Cosmetics,美妆个护,美妆,是,【BUY 1 TAKE 1】JMCY Velvet Matte Lip Tint Matte velvety finish moisturizing non-drying waterproof smudge-proof long-lasting lipstick,4.8,129624,₱184.26-₱269.00,https://affiliate.tiktok.com/api/v1/share/AKtiBYGUXDoi,,,,,,,,,,,
,https://p16-oec-sg.ibyteimg.com/tos-alisg-i-aphluv4xwc-sg/2bccff38a2e8447f9b5fc6f39d2c03ae~tplv-aphluv4xwc-resize-jpeg:600:600.jpeg?dr=15584&from=520841845&idc=my&ps=933b5bde&shcp=6c17ea28&shp=1f0b6a75&t=555f072d,1731035353585452126,Magister Contact lens,美妆个护,眼镜耳朵护理,否,【 Non-Circle】 Magister Contact Lens Graded 0.0~-8.0 DIA 14.0mm Natural Look Colored Contact Lenses Queen Seires Amber Ochre Graphie Ice Gray Semi-Annual disposable Natural eye makeup Available in multiple colors 1Pair=2Pcs,4.8,273689,₱129.00-,https://affiliate.tiktok.com/api/v1/share/AJEpp4asfckU,,,,,,,,,,,
,https://p16-oec-sg.ibyteimg.com/tos-alisg-i-aphluv4xwc-sg/3523e6d8a4b34c3886bb9a332920e4af~tplv-aphluv4xwc-resize-jpeg:600:600.jpeg?dr=15584&from=520841845&idc=my&ps=933b5bde&shcp=6c17ea28&shp=1f0b6a75&t=555f072d,1731845545930163602,greenmakes,美妆个护,美妆,否,【BUY 1 TAKE 2 】【FDA Approved】White Owen James Matte and Long-lasting Velvet Lip Gloss Nature for Students,4.8,306658,₱187.98-₱188.00,https://affiliate.tiktok.com/api/v1/share/AJygfSMQmOiz,,,,,,,,,,,
,https://p16-oec-sg.ibyteimg.com/tos-alisg-i-aphluv4xwc-sg/d67798354cea4faba4e2b2cee67cdb5c~tplv-aphluv4xwc-resize-jpeg:600:600.jpeg?dr=15584&from=520841845&idc=my&ps=933b5bde&shcp=6c17ea28&shp=1f0b6a75&t=555f072d,1730789246614799523,JMCY Beauty,美妆个护,美妆,是,【Makeup Artist Approved】JMCY Dual-Ended Waterproof Mascara Lengthening Curling Volumizing No Clump Sweatproof Long Wearing Eyelash Mascara,4.8,227357,₱120.87,https://affiliate.tiktok.com/api/v1/share/AL8qnWkCq0dK,,,,,,,,,,,
,https://p16-oec-sg.ibyteimg.com/tos-alisg-i-aphluv4xwc-sg/a88e86e6f8b74bd484decbfbf48a9f5b~tplv-aphluv4xwc-resize-jpeg:600:600.jpeg?dr=15584&from=520841845&idc=my&ps=933b5bde&shcp=6c17ea28&shp=1f0b6a75&t=555f072d,1730693729647429949,Andrea Secret PH,美妆个护,香水,否,[Top Seller] Andrea Secret Iron Legacy Series 100ML for Men Long Lasting Fragrance Mist Perfume | Eau De Toilette | Men's Perfume,4.7,756635,₱195.00-₱349.06,https://affiliate.tiktok.com/api/v1/share/AJdh8xEibisQ,,,,,,,,,,,
（注：部分内容由豆包工作 AI 生成）